‡∏ô‡πâ‡∏≥‡∏ï‡∏≤‡∏•,2081
‡∏ô‡πâ‡∏≥‡∏°‡∏±‡∏ô,2045
‡∏Å‡∏£‡∏∞‡πÄ‡∏ó‡∏µ‡∏¢‡∏°,1290
 ,1139
‡∏ô‡πâ‡∏≥,1117
‡πÄ‡∏Å‡∏•‡∏∑‡∏≠,1042
‡∏ô‡πâ‡∏≥‡∏õ‡∏•‡∏≤,932
‡∏´‡∏°‡∏π,862
‡∏ã‡∏µ‡∏≠‡∏¥‡πâ‡∏ß‡∏Ç‡∏≤‡∏ß,700
‡∏ú‡∏±‡∏Å‡∏ä‡∏µ,658
‡∏û‡∏£‡∏¥‡∏Å‡πÑ‡∏ó‡∏¢,640
‡πÉ‡∏ö,629
‡∏´‡∏≠‡∏¢,625
‡∏ú‡∏á,620
‡πÑ‡∏Ç‡πà‡πÑ‡∏Å‡πà,618
‡∏ô‡πâ‡∏≥‡πÄ‡∏õ‡∏•‡πà‡∏≤,616
‡∏™‡∏±‡∏ö,592
‡∏û‡∏∑‡∏ä,549
‡πÅ‡∏õ‡πâ‡∏á,531
‡∏´‡∏≠‡∏°,487
‡πÄ‡∏ô‡∏¢,467
‡∏ã‡∏≠‡∏™‡∏õ‡∏£‡∏∏‡∏á‡∏£‡∏™,463
‡∏Ñ‡∏ô,427
‡∏°‡∏∞‡∏ô‡∏≤‡∏ß,424
‡∏´‡∏±‡πà‡∏ô,360
‡∏õ‡∏£‡∏∏‡∏á‡∏£‡∏™,343
‡πÑ‡∏Å‡πà,333
‡∏û‡∏£‡∏¥‡∏Å,321
‡∏û‡∏£‡∏¥‡∏Å‡∏Ç‡∏µ‡πâ‡∏´‡∏ô‡∏π,314
‡∏Å‡∏∏‡πâ‡∏á,304
‡πÉ‡∏´‡∏ç‡πà,302
‡∏™‡∏∞‡∏≠‡∏≤‡∏î,287
‡∏ï‡πâ‡∏ô‡∏´‡∏≠‡∏°,279
‡πÑ‡∏Ç‡πà,276
‡πÅ‡∏Ñ‡∏£‡∏≠‡∏ó,271
‡∏ó‡∏≠‡∏î,270
‡πÅ‡∏´‡πâ‡∏á,268
),267
‡∏≠‡∏£‡πå‡∏ã‡∏≠‡∏™,264
(,263
‡∏õ‡πà‡∏ô,262
‡∏Ç‡πâ‡∏≤‡∏ß,260
‡∏™‡∏≥‡∏´‡∏£‡∏±‡∏ö,248
‡∏°‡∏∞‡∏Å‡∏£‡∏π‡∏î,237
‡∏°‡∏∞‡πÄ‡∏Ç‡∏∑‡∏≠‡πÄ‡∏ó‡∏®,199
‡∏Ç‡∏≤‡∏ß,188
‡πÅ‡∏Ç‡πá‡∏á,181
‡∏û‡∏£‡∏¥‡∏Å‡πÑ‡∏ó‡∏î‡∏≥,177
‡πÄ‡∏ô‡∏∑‡πâ‡∏≠,172
‡πÄ‡∏™‡πâ‡∏ô,165
‡∏á‡∏≤,164
‡πÄ‡∏ï‡πâ‡∏≤,157
‡∏´‡∏≠‡∏°‡πÅ‡∏î‡∏á,155
‡πÄ‡∏ô‡∏∑‡πâ‡∏≠‡∏´‡∏°‡∏π,155
‡∏Ç‡∏ô‡∏°‡∏õ‡∏±‡∏á,153
‡∏Å‡∏∞‡∏´‡∏•‡πà‡∏≥,144
‡∏î‡∏≥,141
‡∏ã‡∏≠‡∏™‡∏´‡∏≠‡∏¢‡∏ô‡∏≤‡∏á‡∏£‡∏°,141
‡∏™‡∏ß‡∏¢,136
‡∏™‡∏µ,135
‡∏Ñ‡∏±‡πà‡∏ß,133
‡∏´‡∏π‡πâ,132
‡πÅ‡∏î‡∏á,129
‡πÄ‡∏´‡πá‡∏î,127
‡∏Ç‡πâ‡∏≤‡∏ß‡πÇ‡∏û‡∏î,125
‡∏ã‡∏≠‡∏¢,123
‡∏ï‡∏∞‡πÑ‡∏Ñ‡∏£‡πâ,121
‡∏Å‡∏∞‡∏õ‡∏¥,119
‡∏≠‡∏Å‡πÑ‡∏Å‡πà,118
‡∏™‡∏±‡∏ô,117
‡πÇ‡∏´‡∏£‡∏∞‡∏û‡∏≤,116
‡πÉ‡∏ô,115
‡∏ã‡∏µ‡∏≠‡∏¥‡πâ‡∏ß,111
‡∏ä‡∏±‡πâ‡∏ô,109
‡∏≠‡∏£‡πå‡∏´‡∏°‡∏π,107
‡∏™‡∏≤‡∏°,107
‡∏ô‡πâ‡∏≥‡∏°‡∏±‡∏ô‡∏°‡∏∞‡∏Å‡∏≠‡∏Å,106
‡∏ï‡πâ‡∏ô‡∏´‡∏≠‡∏°‡∏ã‡∏≠‡∏¢,104
‡∏ñ‡∏±‡πà‡∏ß‡∏ù‡∏±‡∏Å‡∏¢‡∏≤‡∏ß,104
‡∏ä‡∏µ‡∏™,102
‡∏™‡∏≥‡πÄ‡∏£‡πá‡∏à‡∏£‡∏π‡∏õ,101
‡πÄ‡∏°‡πá‡∏î,101
‡∏´‡∏±‡∏ß‡πÉ‡∏´‡∏ç‡πà,98
‡∏°‡∏∞‡∏û‡∏£‡πâ‡∏≤‡∏ß,96
‡∏û‡∏£‡∏¥‡∏Å‡∏õ‡πà‡∏ô,96
‡∏ô‡∏°,96
‡∏ß‡∏∏‡πâ‡∏ô‡πÄ‡∏™‡πâ‡∏ô,95
‡∏°‡∏±‡∏ô,93
‡∏Å‡∏£‡∏≠‡∏ö,93
‡πÄ‡∏´‡πá‡∏î‡∏´‡∏≠‡∏°,92
‡∏°‡∏≤,91
‡∏ä‡∏¥‡πâ‡∏ô,91
‡∏ô‡∏°‡∏™‡∏î,91
‡πÑ‡∏™‡πâ,89
‡∏û‡∏£‡∏¥‡∏Å‡∏ä‡∏µ‡πâ‡∏ü‡πâ‡∏≤,85
‡∏™‡∏î,83
‡∏â‡πà‡∏≤‡∏¢,83
‡∏≠‡πà‡∏≠‡∏ô,82
‡∏ó‡πà‡∏≠‡∏ô,81
‡∏ô‡πâ‡∏≥‡∏ú‡∏∂‡πâ‡∏á,81
‡∏ô‡πâ‡∏≥‡∏û‡∏£‡∏¥‡∏Å,80
‡∏û‡∏£‡∏¥‡∏Å‡πÑ‡∏ó‡∏õ‡πà‡∏ô,80
‡∏ï‡πâ‡∏°,80
‡∏Ç‡πâ‡∏≤‡∏ß‡πÇ‡∏û‡∏î‡∏≠‡πà‡∏≠‡∏ô,80
‡∏ï‡πâ‡∏ô,80
‡∏Å‡∏£‡∏∞‡∏î‡∏π‡∏Å,79
‡∏û‡∏£‡∏¥‡∏Å‡πÑ‡∏ó,79
‡πÅ‡∏ï‡∏á‡∏Å‡∏ß‡∏≤,79
‡∏Ç‡∏∂‡πâ‡∏ô,79
‡∏¢‡∏≠‡∏á‡πÄ‡∏ô‡∏™,79
‡∏Ñ‡∏£‡∏µ‡∏°,77
‡∏™‡∏π‡∏ï‡∏£,77
‡∏´‡∏±‡∏ß‡∏´‡∏≠‡∏°,77
‡∏ã‡∏≠‡∏™‡∏°‡∏∞‡πÄ‡∏Ç‡∏∑‡∏≠‡πÄ‡∏ó‡∏®,77
‡∏Ç‡πà‡∏≤,76
‡πÄ‡∏•‡πá‡∏Å,76
‡∏ö‡∏∞‡∏´‡∏°‡∏µ‡πà,76
‡∏´‡∏£‡∏∑‡∏≠,74
‡πÄ‡∏Ç‡∏µ‡∏¢‡∏ß,74
‡∏ä‡∏≠‡∏ö,74
‡∏ã‡∏∏‡∏õ,74
‡∏ô‡∏°‡∏Ç‡πâ‡∏ô,73
‡∏ü‡∏π,72
‡∏°‡∏∞‡∏Ç‡∏≤‡∏°,72
‡∏Å‡∏•‡πâ‡∏ß‡∏¢,72
powder,71
‡πÄ‡∏ú‡∏≤,71
‡πÄ‡∏ï‡∏¢,69
‡∏ú‡∏±‡∏î,69
‡∏£‡∏≥‡∏Ç‡πâ‡∏≤‡∏ß,69
‡∏ú‡∏±‡∏Å‡∏Å‡∏≤‡∏î‡∏Ç‡∏≤‡∏ß,68
‡πÅ‡∏õ‡πâ‡∏á‡∏°‡∏±‡∏ô,67
‡∏õ‡∏•‡∏≤,66
‡∏õ‡∏•‡∏≤‡∏´‡∏°‡∏∂‡∏Å,66
‡πÅ‡∏Å‡∏á‡πÄ‡∏ú‡πá‡∏î,65
‡∏Å‡∏£‡∏≠‡∏Å,65
‡∏û‡∏£‡∏¥‡∏Å‡∏ä‡∏µ‡πâ‡∏ü‡πâ‡∏≤‡πÅ‡∏î‡∏á,65
‡∏à‡∏∑‡∏î,64
‡πÄ‡∏õ‡∏µ‡∏¢‡∏Å,63
‡∏´‡∏≠‡∏°‡πÅ‡∏Ç‡∏Å,62
‡∏Å‡∏∞‡πÄ‡∏û‡∏£‡∏≤,62
‡∏™‡∏µ‡πà,61
‡πÑ‡∏Ç‡πà‡πÅ‡∏î‡∏á,61
‡∏ñ‡∏±‡πà‡∏ß‡∏á‡∏≠‡∏Å,61
‡∏Ç‡πâ‡∏ô‡∏´‡∏ß‡∏≤‡∏ô,60
‡∏û‡∏£‡∏¥‡∏Å‡∏Ç‡∏µ‡πâ‡∏´‡∏ô‡∏π‡∏™‡∏ß‡∏ô,60
‡πÄ‡∏Ñ‡πá‡∏°,60
‡∏Ç‡∏¥‡∏á,60
‡∏≠‡∏¥‡πã‡∏ß,60
‡∏™‡∏∏‡∏Å,59
‡∏ã‡∏≠‡∏™‡∏û‡∏£‡∏¥‡∏Å,59
‡∏ô‡πâ‡∏≥‡πÄ‡∏ä‡∏∑‡πà‡∏≠‡∏°,58
‡∏ä‡∏±‡∏ß‡∏£‡πå,58
‡πÄ‡∏ö‡∏Ñ‡∏≠‡∏ô,58
‡∏ï‡∏≤‡∏°,58
‡πÄ‡∏´‡∏•‡πâ‡∏≤‡∏à‡∏µ‡∏ô,58
‡∏Å‡∏∂‡πà‡∏á,57
‡∏≠‡∏£‡πà‡∏≠‡∏¢,57
‡∏ô‡πâ‡∏≥‡∏™‡πâ‡∏°‡∏™‡∏≤‡∏¢‡∏ä‡∏π,56
‡∏™‡∏±‡∏ö‡∏õ‡∏∞‡∏£‡∏î,56
‡∏ã‡∏µ‡∏≠‡∏¥‡πä‡∏ß‡∏î‡∏≥,56
‡∏ñ‡∏±‡πà‡∏ß‡∏•‡∏¥‡∏™‡∏á,55
‡∏ß‡∏≤‡∏ô‡∏¥‡∏•‡∏•‡∏≤,55
‡∏Å‡∏£‡∏∞‡πÄ‡∏û‡∏£‡∏≤,55
‡πÄ‡∏ï‡πâ‡∏≤‡πÄ‡∏à‡∏µ‡πâ‡∏¢‡∏ß,55
‡∏û‡∏£‡∏¥‡∏Å‡πÅ‡∏Å‡∏á,55
‡πÄ‡∏Ñ‡∏£‡∏∑‡πà‡∏≠‡∏á,55
‡∏û‡∏£‡∏¥‡∏Å‡πÅ‡∏î‡∏á,54
‡∏ñ‡∏±‡πà‡∏ß‡πÄ‡∏´‡∏•‡∏∑‡∏≠‡∏á,54
‡∏û‡∏£‡∏¥‡∏Å‡πÑ‡∏ó‡∏Ç‡∏≤‡∏ß,52
‡∏ü‡∏±‡∏Å‡∏ó‡∏≠‡∏á,52
‡∏ô‡∏°‡∏à‡∏∑‡∏î,52
‡∏ô‡πâ‡∏≥‡∏ï‡πâ‡∏°‡∏™‡∏∏‡∏Å,51
‡∏î‡∏≠‡∏Å,51
‡∏Ñ‡∏∞‡∏ô‡πâ‡∏≤,50
‡πÜ,50
‡∏´‡∏ß‡∏≤‡∏ô,50
‡πÄ‡∏õ‡πá‡∏î,50
‡∏ä‡∏∏‡∏ö‡∏ó‡∏≠‡∏î,49
‡∏•‡∏π‡∏Å,49
‡∏•‡∏∞‡πÄ‡∏≠‡∏µ‡∏¢‡∏î,48
‡∏´‡∏°‡∏π‡∏¢‡∏≠,48
‡∏≠‡∏Å,48
‡∏õ‡∏•‡∏≤‡∏ó‡∏π,47
‡πÄ‡∏õ‡πá‡∏ô,47
‡∏™‡∏∞‡πÇ‡∏û‡∏Å,47
‡∏Å‡∏£‡∏∞‡∏ä‡∏≤‡∏¢,46
‡πÅ‡∏õ‡πâ‡∏á‡πÄ‡∏Ñ‡πâ‡∏Å,46
‡∏ú‡∏±‡∏Å‡∏™‡∏•‡∏±‡∏î,46
‡∏ç‡∏µ‡πà‡∏õ‡∏∏‡πà‡∏ô,46
‡∏Ç‡πâ‡∏≤‡∏ß‡πÄ‡∏´‡∏ô‡∏µ‡∏¢‡∏ß,46
‡∏™‡∏≤‡∏•‡∏µ,45
‡πÇ‡∏¢‡πÄ‡∏Å‡∏¥‡∏£‡πå‡∏ï,45
‡∏û‡∏£‡∏¥‡∏Å‡∏´‡∏¢‡∏ß‡∏Å,45
‡∏ã‡∏µ‡πà,44
‡∏£‡πâ‡∏≠‡∏ô,44
‡∏ú‡∏±‡∏Å,43
‡πÄ‡∏¢‡πá‡∏ô,43
‡πÄ‡∏Å‡∏•‡πá‡∏î,43
‡∏´‡∏≠‡∏°‡πÅ‡∏î‡∏á‡∏ã‡∏≠‡∏¢,42
‡πÅ‡∏ä‡πà,42
‡∏≠‡πÄ‡∏ô‡∏Å‡∏õ‡∏£‡∏∞‡∏™‡∏á‡∏Ñ‡πå,41
‡∏ô‡πâ‡∏≥‡∏™‡∏•‡∏±‡∏î,41
‡∏û‡∏£‡∏¥‡∏Å‡∏´‡∏ß‡∏≤‡∏ô,40
‡∏û‡∏£‡∏¥‡∏Å‡∏Ç‡∏µ‡πâ‡∏´‡∏ô‡∏π‡∏ã‡∏≠‡∏¢,40
‡∏ó‡∏π‡∏ô‡πà‡∏≤,40
‡πÇ‡∏Ñ‡∏£‡∏á,40
‡πÄ‡∏ó‡πâ‡∏≤,39
‡πÇ‡∏Å‡πÇ‡∏Å‡πâ,39
‡∏Ç‡πâ‡∏≤‡∏ß‡πÄ‡∏à‡πâ‡∏≤,39
‡∏â‡∏µ‡∏Å,39
‡∏õ‡∏π,39
‡∏Ñ‡∏≠‡∏´‡∏°‡∏π,39
‡πÄ‡∏´‡πá‡∏î‡∏≠‡∏≠‡∏£‡∏¥‡∏ô‡∏à‡∏¥,38
‡∏ã‡∏≠‡∏™‡πÄ‡∏´‡πá‡∏î,38
‡∏û‡∏£‡∏¥‡∏Å‡πÉ‡∏´‡∏ç‡πà,38
‡πÅ‡∏Æ‡∏°,38
‡∏û‡∏£‡∏¥‡∏Å‡∏à‡∏¥‡∏ô‡∏î‡∏≤,37
‡∏û‡∏£‡∏¥‡∏Å‡∏à‡∏¥‡∏ô‡∏î‡∏≤‡πÅ‡∏î‡∏á,37
‡∏ó‡∏µ‡πà,36
‡∏ô‡πâ‡∏≥‡πÄ‡∏¢‡πá‡∏ô,36
‡∏¢‡∏≤‡∏ß,36
‡∏û‡∏∞‡πÇ‡∏•‡πâ,36
‡∏´‡∏±‡πà‡∏ô‡πÄ‡∏ï‡πã‡∏≤,35
‡∏ô‡∏≠‡∏Å,35
‡∏ï‡∏±‡πâ‡∏á‡πÇ‡∏≠‡πã,35
‡∏õ‡∏£‡∏∏‡∏á,34
‡∏ú‡∏™‡∏°,34
‡πÄ‡∏ï‡πã‡∏≤,34
‡∏≠‡∏≠‡∏£‡∏¥‡∏Å‡∏≤‡πÇ‡∏ô‡πà,34
‡∏£‡∏™,34
‡∏´‡∏±‡∏ß‡πÑ‡∏ä,34
‡πÅ‡∏ö‡∏ö,33
‡πÅ‡∏ú‡πà‡∏ô,33
‡∏´‡∏±‡∏ß‡∏´‡∏≠‡∏°‡πÅ‡∏î‡∏á,33
‡∏õ‡∏µ‡∏Å‡πÑ‡∏Å‡πà,33
‡πÑ‡∏°‡πà,33
‡∏•‡∏π‡∏Å‡∏ä‡∏¥‡πâ‡∏ô,33
‡∏´‡∏ô‡πâ‡∏≤,32
‡πÄ‡∏•‡∏∑‡∏≠‡∏î,32
‡∏≠‡∏±‡∏•‡∏°‡∏≠‡∏ô‡∏î‡πå,32
‡∏à‡∏¥‡πâ‡∏°,32
‡∏ñ‡∏±‡πà‡∏ß,32
‡∏û‡∏£‡∏¥‡∏Å‡∏Ç‡∏µ‡πâ‡∏´‡∏ô‡∏π‡πÅ‡∏î‡∏á,31
‡∏ï‡∏∞‡πÑ‡∏Ñ‡∏£‡πâ‡∏ã‡∏≠‡∏¢,31
‡πÄ‡∏´‡∏•‡∏∑‡∏≠‡∏á,31
‡∏Ç‡∏¥‡∏á‡∏ã‡∏≠‡∏¢,31
‡πÑ‡∏≠‡∏ã‡∏¥‡πà‡∏á,31
‡πÇ‡∏ä‡∏¢‡∏∏,31
‡∏û‡∏£‡∏¥‡∏Å‡∏Ç‡∏µ‡πâ‡∏´‡∏ô‡∏π‡∏ï‡∏≥,31
‡∏û‡∏£‡∏¥‡∏Å‡πÅ‡∏î‡∏á‡∏à‡∏¥‡∏ô‡∏î‡∏≤,31
‡∏™‡πà‡∏ß‡∏ô,31
‡∏ú‡∏±‡∏Å‡∏ö‡∏∏‡πâ‡∏á,30
‡∏ñ‡∏±‡πà‡∏ß‡∏•‡∏±‡∏ô‡πÄ‡∏ï‡∏≤,30
‡∏≠‡∏£‡πå‡πÑ‡∏Å‡πà,30
‡∏ü‡∏±‡∏Å,30
‡∏°‡∏±‡∏™‡∏ï‡∏≤‡∏£‡πå‡∏î,30
‡πÄ‡∏ô‡∏∑‡πâ‡∏≠‡πÑ‡∏Å‡πà,30
‡∏°‡∏∞‡πÄ‡∏Ç‡∏∑‡∏≠‡πÄ‡∏õ‡∏£‡∏≤‡∏∞,29
‡πÅ‡∏ß‡πà‡∏ô,29
‡∏°‡∏±‡∏ô‡∏ù‡∏£‡∏±‡πà‡∏á,28
‡πÅ‡∏≠‡∏õ‡πÄ‡∏õ‡∏¥‡πâ‡∏•,28
‡∏ä‡∏∞‡∏≠‡∏°,28
‡πÄ‡∏°‡∏•‡πá‡∏î,28
‡∏ï‡∏±‡∏ö‡∏´‡∏°‡∏π,28
‡∏Å‡∏∏‡∏ô‡πÄ‡∏ä‡∏µ‡∏¢‡∏á,28
‡∏°‡∏∞‡πÄ‡∏Ç‡∏∑‡∏≠‡∏û‡∏ß‡∏á,27
‡∏≠‡∏±‡∏î,27
‡∏ú‡∏±‡∏Å‡∏Å‡∏≤‡∏î‡∏î‡∏≠‡∏á,27
‡∏°‡∏∞‡∏£‡∏∞,27
‡πÄ‡∏´‡πá‡∏î‡πÄ‡∏Ç‡πá‡∏°‡∏ó‡∏≠‡∏á,27
‡∏≠‡∏≤‡∏´‡∏≤‡∏£,26
‡∏™‡πâ‡∏°,26
‡πÅ‡∏Å‡∏á,26
‡πÑ‡∏°‡πâ,26
‡∏°‡∏∞‡∏°‡πà‡∏ß‡∏á‡∏´‡∏¥‡∏°‡∏û‡∏≤‡∏ô‡∏ï‡πå,26
‡∏´‡∏¢‡∏≤‡∏ö,26
‡∏ó‡∏≥,26
1,25
/,25
‡∏™‡∏≤‡∏´‡∏£‡πà‡∏≤‡∏¢,25
‡∏Å‡∏≤‡πÅ‡∏ü,25
‡πÉ‡∏ï‡πâ,25
‡∏ú‡∏±‡∏Å‡∏Å‡∏≤‡∏î‡∏´‡∏≠‡∏°,25
‡πÄ‡∏õ‡∏£‡∏µ‡πâ‡∏¢‡∏ß,25
‡∏ù‡∏£‡∏±‡πà‡∏á,25
‡∏á‡∏≤‡∏î‡∏≥,25
‡πÇ‡∏ã‡∏î‡∏≤,25
‡∏Å‡∏∞‡∏´‡∏£‡∏µ‡πà,25
‡πÄ‡∏™‡πâ‡∏ô‡∏û‡∏≤‡∏™‡∏ï‡πâ‡∏≤,24
‡πÅ‡∏ã‡∏•‡∏°‡πà‡∏≠‡∏ô,24
‡∏á‡∏≤‡∏Ç‡∏≤‡∏ß,24
‡∏Å‡∏•‡∏≤‡∏á,24
-,24
‡∏û‡∏£‡∏¥‡∏Å‡πÄ‡∏´‡∏•‡∏∑‡∏≠‡∏á,23
‡∏´‡∏°‡∏µ‡πà,23
‡∏û‡∏£‡∏¥‡∏Å‡∏™‡∏î,23
‡∏´‡∏°‡∏±‡∏Å,23
‡∏õ‡∏≤‡∏•‡πå‡∏°,23
‡∏¢‡∏≠‡∏î,23
‡πÄ‡∏ï‡πâ‡∏≤‡∏´‡∏π‡πâ,22
‡∏ö‡∏î,22
+,22
‡∏°‡∏∞‡∏°‡πà‡∏ß‡∏á,22
‡πÄ‡∏Ç‡πâ‡∏°‡∏Ç‡πâ‡∏ô,22
‡∏Ç‡∏π‡∏î,22
‡∏ô‡πà‡∏≠‡∏á‡πÑ‡∏Å‡πà,22
‡πÄ‡∏õ‡∏•‡∏∑‡∏≠‡∏Å,22
‡πÅ‡∏´‡∏ô‡∏°,22
coriander,22
‡∏ß‡∏∏‡πâ‡∏ô,21
‡∏°‡∏∞‡∏Ç‡∏≤‡∏°‡πÄ‡∏õ‡∏µ‡∏¢‡∏Å,21
‡πÅ‡∏°‡∏á‡∏•‡∏±‡∏Å,21
‡πÄ‡∏•‡∏°‡πà‡∏≠‡∏ô,21
‡∏°‡∏∞‡πÄ‡∏Ç‡∏∑‡∏≠‡∏¢‡∏≤‡∏ß,21
‡πÄ‡∏´‡πá‡∏î‡∏´‡∏π‡∏´‡∏ô‡∏π,21
olive,21
‡πÄ‡∏´‡πá‡∏î‡∏´‡∏π,21
‡∏ú‡∏±‡∏Å‡∏Å‡∏≤‡∏î‡πÅ‡∏Å‡πâ‡∏ß,21
‡∏Å‡∏£‡∏∞‡∏ó‡∏¥,21
‡∏ï‡∏±‡∏ö,21
‡∏û‡∏£‡∏¥‡∏Å‡πÑ‡∏ó‡πÄ‡∏°‡πá‡∏î,21
oil,21
‡∏ó‡∏∏‡∏ö,20
‡πÄ‡∏ä‡∏∑‡πà‡∏≠‡∏°,20
‡∏ä‡πá‡∏≠‡∏Ñ‡πÇ‡∏Å‡πÅ‡∏•‡∏ï,20
‡πÄ‡∏•‡πâ‡∏á,20
‡∏°‡∏¥‡∏£‡∏¥‡∏ô,20
‡∏ô‡∏≤‡∏á‡∏ü‡πâ‡∏≤,20
‡πÅ‡∏Å‡∏∞,20
‡∏≠‡∏ö‡πÄ‡∏ä‡∏¢,20
‡∏ô‡∏∂‡πà‡∏á,20
‡∏Ñ‡∏∞‡∏ô‡πâ‡∏≤‡∏Æ‡πà‡∏≠‡∏á‡∏Å‡∏á,20
‡∏´‡∏ô‡∏π‡∏î‡∏≥,20
‡πÄ‡∏´‡πá‡∏î‡∏ü‡∏≤‡∏á,20
‡∏ä‡∏π‡∏£‡∏™,19
‡∏ï‡πà‡∏≤‡∏á‡πÜ,19
‡∏´‡∏±‡∏ß,19
‡∏ï‡∏£‡∏≤,19
‡∏õ‡∏•‡∏≤‡∏™‡∏•‡∏¥‡∏î,19
‡∏Ç‡∏¥‡∏á‡πÅ‡∏Å‡πà,19
‡πÅ‡∏Å‡∏á‡πÄ‡∏Ç‡∏µ‡∏¢‡∏ß,19
‡∏Å‡∏ß‡∏≤‡∏á‡∏ï‡∏∏‡πâ‡∏á,19
‡∏ã‡∏µ‡∏≠‡∏¥‡πä‡∏ß,19
‡∏î‡∏∑‡πà‡∏°,19
‡πÄ‡∏≠‡∏≤,18
‡∏Ñ‡∏∂‡πà‡∏ô,18
‡πÅ‡∏´‡∏ô‡πà,18
‡∏õ‡∏•‡∏≤‡∏Å‡∏£‡∏∞‡∏õ‡πã‡∏≠‡∏á,18
‡πÄ‡∏≠‡∏ô‡∏Å‡∏õ‡∏£‡∏∞‡∏™‡∏á‡∏Ñ‡πå,18
‡∏ã‡∏≠‡∏™‡∏ù‡∏≤‡πÄ‡∏Ç‡∏µ‡∏¢‡∏ß,18
‡∏™‡∏∞‡∏ï‡∏≠,18
‡πÄ‡∏ö‡∏Ñ‡∏Å‡∏¥‡πâ‡∏á‡πÇ‡∏ã‡∏î‡∏≤,18
‡∏°‡∏±‡∏ô‡∏Æ‡πà‡∏≠‡∏á‡∏Å‡∏á,18
‡πÄ‡∏ú‡πá‡∏î,18
‡∏ö‡∏≤‡∏á,18
‡∏à‡∏µ‡∏ô,18
‡πÉ‡∏™‡πà,18
‡∏°‡∏∞‡∏•‡∏∞‡∏Å‡∏≠,18
‡∏ú‡∏±‡∏Å‡∏Ñ‡∏∞‡∏ô‡πâ‡∏≤,18
‡∏´‡∏ô‡πà‡∏≠‡πÑ‡∏°‡πâ‡∏ù‡∏£‡∏±‡πà‡∏á,18
‡∏ô‡πà‡∏≠‡∏á‡∏™‡∏∞‡πÇ‡∏û‡∏Å,18
‡∏°‡∏∞‡∏ô‡∏≤‡∏ß‡πÅ‡∏õ‡πâ‡∏ô,18
‡∏™‡∏∞‡∏£‡∏∞,18
‡∏ß‡∏¥‡∏õ‡∏õ‡∏¥‡πâ‡∏á,17
‡πÅ‡∏Å‡∏á‡∏™‡πâ‡∏°,17
‡∏û‡∏£‡∏¥‡∏Å‡πÄ‡∏ú‡∏≤,17
2,17
‡∏´‡∏±‡∏ß‡∏´‡∏≠‡∏°‡πÅ‡∏î‡∏á‡∏ã‡∏≠‡∏¢,17
‡πÄ‡∏™‡∏≤‡∏ß‡∏£‡∏™,17
‡∏´‡∏ô‡πà‡∏≠‡πÑ‡∏°‡πâ,17
‡∏™‡∏ï‡∏≠,17
‡∏Ç‡∏ô‡∏≤‡∏î,17
‡∏´‡∏≠‡∏¢‡∏•‡∏≤‡∏¢,17
‡πÅ‡∏•‡∏∞,17
‡∏°‡∏∞‡πÄ‡∏Ç‡∏∑‡∏≠‡πÄ‡∏õ‡∏≤‡∏∞,17
‡∏¢‡πà‡∏≤‡∏á,16
‡πÄ‡∏ú‡∏∑‡∏≠‡∏Å,16
‡πÉ‡∏ä‡πâ,16
masala,16
‡∏Ç‡∏ô‡∏°,16
‡πÅ‡∏ä‡πà‡∏ô‡πâ‡∏≥,16
‡∏õ‡∏µ‡∏Å,16
‡∏ä‡∏ô‡∏¥‡∏î,16
‡∏Å‡πá‡πÑ‡∏î‡πâ,16
‡πÄ‡∏™‡πâ‡∏ô‡∏´‡∏°‡∏µ‡πà,16
‡∏ô‡πâ‡∏≥‡∏™‡∏ï‡πá‡∏≠‡∏Å,15
‡∏û‡∏£‡∏¥‡∏Å‡∏à‡∏¥‡∏ô‡∏î‡∏≤‡∏™‡∏µ,15
‡πÅ‡∏°‡πà‡πÅ‡∏à‡∏á,15
‡πÇ‡∏´‡∏£‡∏û‡∏≤,15
‡∏™‡∏õ‡∏≤‡πÄ‡∏Å‡πá‡∏ï‡∏ï‡∏µ‡πâ,15
‡πÅ‡∏Ñ‡∏£‡∏≠‡∏ó‡∏´‡∏±‡πà‡∏ô‡πÄ‡∏ï‡πã‡∏≤,15
cumin,15
‡∏ñ‡πâ‡∏ß‡∏¢,15
‡∏Ç‡∏ô‡∏°‡∏à‡∏µ‡∏ô,15
‡∏¢‡∏µ‡πà‡∏´‡πâ‡∏≠,15
‡πÇ‡∏ö‡πÇ‡∏•‡∏ô‡πà‡∏≤,15
‡∏Ç‡∏°‡∏¥‡πâ‡∏ô,15
‡∏ñ‡∏±‡πà‡∏ß‡πÄ‡∏Ç‡∏µ‡∏¢‡∏ß,15
‡πÄ‡∏•‡πá‡∏Å‡∏ô‡πâ‡∏≠‡∏¢,15
‡∏ô‡∏¥‡πà‡∏°,15
‡∏´‡∏°‡∏π‡∏™‡πÑ‡∏•‡∏î‡πå,14
‡∏û‡∏≠‡∏î‡∏µ‡∏Ñ‡∏≥,14
‡∏ä‡πà‡∏≤‡∏¢,14
‡∏Ñ‡∏∑‡πà‡∏ô‡πÑ‡∏ä‡πâ,14
‡∏ü‡∏≠‡∏á,14
‡∏™‡∏≥‡πÄ‡∏£‡πá‡∏à,14
‡∏õ‡∏≤‡∏õ‡∏£‡∏¥‡∏Å‡πâ‡∏≤,14
‡∏î‡∏≠‡∏á,14
‡∏î‡∏≠‡∏Å‡∏≠‡∏±‡∏ç‡∏ä‡∏±‡∏ô,14
‡∏à‡∏±‡∏î,14
‡∏ä‡∏∏‡∏î,14
‡∏û‡∏£‡∏¥‡∏Å‡πÄ‡∏Ç‡∏µ‡∏¢‡∏ß,14
‡∏ï‡∏µ‡∏ô‡πÑ‡∏Å‡πà,14
‡πÄ‡∏î‡πâ‡∏á,14
‡∏´‡∏°‡∏π‡∏Å‡∏£‡∏≠‡∏ö,14
‡∏ü‡∏≠‡∏á‡πÄ‡∏ï‡πâ‡∏≤,14
‡πÅ‡∏•‡πâ‡∏ß,14
‡∏Æ‡∏≠‡∏ï‡∏î‡∏≠‡∏Å,14
chili,14
‡πÑ‡∏ä‡πÄ‡∏ó‡πâ‡∏≤,14
‡∏™‡∏•‡∏±‡∏î,14
‡∏≠‡∏≠‡∏Å,14
‡∏°‡∏∞‡πÄ‡∏Ç‡∏∑‡∏≠‡∏°‡πà‡∏ß‡∏á,14
‡∏£‡∏™‡∏î‡∏µ,13
‡∏°‡πà‡∏ß‡∏á,13
‡∏≠‡∏±‡∏ç‡∏ä‡∏±‡∏ô,13
‡∏ï‡∏∞‡∏ß‡∏±‡∏ô,13
‡πÄ‡∏´‡πá‡∏î‡πÇ‡∏Ñ‡∏ô,13
‡∏≠‡∏£‡πå‡∏•‡∏≤‡∏ö,13
‡∏ú‡∏±‡∏Å‡πÇ‡∏Ç‡∏°,13
‡∏≠‡∏≠‡∏£‡∏¥‡∏Å‡∏≤‡πÇ‡∏ô,13
‡πÉ‡∏´‡πâ,13
‡∏ï‡∏Å‡πÅ‡∏ï‡πà‡∏á,13
‡πÄ‡∏Ñ‡πâ‡∏Å,13
‡∏ó‡∏∂‡∏ô‡∏ó‡∏∂‡∏Å,13
‡∏•‡∏∞‡∏•‡∏≤‡∏¢,13
‡∏ö‡∏ß‡∏ö,13
‡∏´‡∏°‡∏π‡∏´‡∏¢‡∏≠‡∏á,13
‡πÇ‡∏£‡∏¢,13
‡∏ú‡∏±‡∏Å‡∏ï‡∏≤‡∏°,13
vinegar,13
‡∏Å‡∏£‡∏∞‡πÄ‡∏à‡∏µ‡πä‡∏¢‡∏ö,13
‡∏ä‡πà‡∏≠‡∏ô,12
‡∏≠‡∏≠‡∏ü‡∏ó‡∏≤‡∏£‡πå‡∏ó‡∏≤‡∏£‡πå,12
‡∏ó‡πâ‡∏≤‡∏ß,12
‡∏ä‡πá‡∏≠‡∏Å‡πÇ‡∏Å‡πÅ‡∏•‡∏ï,12
‡πÄ‡∏à‡∏µ‡∏¢‡∏ß,12
‡∏´‡∏±‡πà‡∏ô‡∏ã‡∏≠‡∏¢,12
‡πÄ‡∏•‡∏°‡∏≠‡∏ô,12
‡∏î‡∏≤,12
‡πÄ‡∏ï‡πâ‡∏≤‡∏´‡∏π‡πâ‡∏ó‡∏≠‡∏î,12
‡∏ô‡πà‡∏≠‡∏á,12
‡∏ß‡∏≤‡∏ã‡∏≤‡∏ö‡∏¥,12
seed,12
‡∏¢‡∏≤‡∏¢‡∏°‡πà‡∏≠‡∏°,12
‡πÑ‡∏ó‡∏¢,12
‡∏ä‡∏≤‡πÄ‡∏Ç‡∏µ‡∏¢‡∏ß,12
‡∏Å‡∏•‡πâ‡∏≠‡∏á,12
‡∏´‡∏ô‡πà‡∏≠‡πÑ‡∏°‡πâ‡∏î‡∏≠‡∏á,12
‡∏Ñ‡∏£‡∏∂‡πà‡∏á,12
‡πÄ‡∏´‡πá‡∏î‡∏ä‡∏¥‡πÄ‡∏°‡∏à‡∏¥,12
kashmiri,12
‡∏î‡∏¥‡∏ö,12
‡πÅ‡∏Ñ‡∏£‡∏≠‡∏ó‡∏ã‡∏≠‡∏¢,12
‡∏°‡∏∞‡∏Å‡∏π‡∏î,12
garam,12
‡∏ú‡πà‡∏≤,11
red,11
‡∏ó‡∏±‡∏ö‡∏ó‡∏¥‡∏°,11
‡∏™‡πÑ‡∏•‡∏î‡πå,11
‡∏Å‡∏£‡∏∞‡∏õ‡πã‡∏≠‡∏á,11
seeds,11
‡∏ã‡∏≠‡∏™‡∏ñ‡∏±‡πà‡∏ß‡πÄ‡∏´‡∏•‡∏∑‡∏≠‡∏á,11
‡∏ï‡πâ‡∏°‡∏´‡∏≠‡∏°,11
tumeric,11
‡∏ï‡∏≥‡∏•‡∏∂‡∏á,11
‡∏ô‡∏¥‡πâ‡∏ß,11
‡πÅ‡∏õ‡πâ‡∏á‡πÇ‡∏Å‡∏Å‡∏¥,11
‡∏ú‡∏±‡∏Å‡∏ö‡∏∏‡πâ‡∏á‡∏à‡∏µ‡∏ô,11
‡∏™‡∏≤‡∏°‡πÄ‡∏Å‡∏•‡∏≠,11
‡∏≠‡∏£‡πå‡πÄ‡∏´‡πá‡∏î,11
‡∏ã‡∏µ,11
‡∏•‡∏ß‡∏Å,11
‡∏õ‡∏•‡∏≤‡∏ó‡∏±‡∏ö‡∏ó‡∏¥‡∏°,11
‡πÑ‡∏Ç‡πà‡∏î‡∏≤‡∏ß,11
‡∏´‡∏ô‡∏±‡∏á,11
‡∏ú‡∏á‡∏Ç‡∏¥‡∏á,11
‡πÄ‡∏ô‡∏∑‡πâ‡∏≠‡∏õ‡∏π,11
‡∏°‡∏∞‡πÄ‡∏Ç‡∏∑‡∏≠,11
‡∏ú‡∏±‡∏Å‡∏Å‡∏ß‡∏≤‡∏á‡∏ï‡∏∏‡πâ‡∏á,11
‡∏°‡∏∞‡∏•‡∏¥,11
‡∏ú‡∏±‡∏Å‡∏™‡∏î,11
‡∏´‡∏∏‡∏á,11
‡∏Ç‡πâ‡∏≤‡∏ß‡∏´‡∏≠‡∏°‡∏°‡∏∞‡∏•‡∏¥,11
‡∏à‡∏ô,11
‡πÅ‡∏Ç‡∏Å,11
black,11
‡∏°‡∏µ,11
‡∏™‡∏ï‡πä‡∏≠‡∏Å,10
‡∏õ‡∏•‡∏≤‡∏ô‡∏¥‡∏•,10
‡∏à‡πâ‡∏≤‡∏ß,10
‡∏Å‡∏•‡∏¥‡πà‡∏ô,10
‡∏´‡∏ô‡∏∏‡πà‡∏°,10
‡∏¢‡∏µ‡πà‡∏´‡∏£‡πà‡∏≤,10
‡∏°‡∏∞‡πÄ‡∏Ç‡∏∑‡∏≠‡πÄ‡∏ó‡∏®‡∏£‡∏≤‡∏ä‡∏¥‡∏ô‡∏µ,10
‡∏Å‡∏∏‡∏¢‡∏ä‡πà‡∏≤‡∏¢,10
‡∏´‡∏≠‡∏°‡∏ã‡∏≠‡∏¢,10
‡∏™‡∏∞‡∏£‡∏∞‡πÅ‡∏´‡∏ô‡πà,10
‡∏û‡∏£‡∏¥‡∏Å‡πÅ‡∏Å‡∏á‡πÅ‡∏î‡∏á,10
‡πÅ‡∏ú‡πà‡∏ô‡πÄ‡∏Å‡∏µ‡πä‡∏¢‡∏ß,10
rosemary,10
‡∏Ñ‡∏±‡πâ‡∏ô,10
‡∏ö‡∏±‡∏ß‡πÅ‡∏î‡∏á,10
‡∏î‡∏≤‡∏£‡πå‡∏Å,10
‡∏ö‡∏∏‡∏ö,10
‡∏û‡∏≤‡∏™‡∏•‡∏µ‡∏¢‡πå,10
‡πÄ‡∏Ñ‡∏£‡∏∑‡πà‡∏≠‡∏á‡πÅ‡∏Å‡∏á,10
‡∏ú‡∏±‡∏Å‡∏´‡∏ß‡∏≤‡∏ô,10
‡πÉ‡∏™,10
‡πÄ‡∏´‡∏•‡πâ‡∏≤,10
‡∏´‡∏•‡∏≠‡∏î,10
‡∏ü‡∏≠‡∏™‡πÄ‡∏ü‡∏ï,10
‡∏™‡∏õ‡∏≤‡πÄ‡∏Å‡∏ï‡∏ï‡∏µ‡πâ,10
‡πÅ‡∏ï‡∏á‡∏£‡πâ‡∏≤‡∏ô,10
‡∏ß‡∏¥‡∏õ,10
pepper,10
‡∏≠‡πÇ‡∏ß‡∏Ñ‡∏≤‡πÇ‡∏î,10
Sauce,10
‡πÄ‡∏â‡∏µ‡∏¢‡∏á,10
‡∏™‡∏≤‡∏Ñ‡∏π,9
‡πÄ‡∏î‡πá‡∏î,9
‡πÅ‡∏ï‡πà‡∏á,9
‡∏ú‡∏•‡πÑ‡∏°‡πâ,9
‡∏û‡∏£‡πâ‡∏≠‡∏°,9
‡∏õ‡∏µ‡∏Å‡∏Å‡∏•‡∏≤‡∏á,9
‡πÄ‡∏™‡∏≤,9
‡πÇ‡∏´‡∏£‡∏†‡∏≤,9
wine,9
‡∏ï‡∏±‡∏ß,9
‡∏ä‡∏≤,9
‡∏õ‡∏π‡∏ô,9
‡∏ö‡∏•‡πá‡∏≠‡∏Ñ‡πÇ‡∏Ñ‡∏•‡∏µ‡πà,9
‡∏ã‡∏≠‡∏™‡∏´‡∏≠‡∏¢,9
‡∏Å‡∏≤‡∏Å,9
‡∏¢‡∏≠‡∏î‡∏Ñ‡∏∞‡∏ô‡πâ‡∏≤,9
‡πÑ‡∏ß‡πâ,9
‡∏Ñ‡∏∑‡πà‡∏ô‡∏ä‡πà‡∏≤‡∏¢,9
‡∏ù‡∏≠‡∏¢,9
‡∏™‡∏≤‡∏£‡∏∞‡πÅ‡∏´‡∏ô‡πà,9
‡∏û‡∏£‡∏¥‡∏Å‡∏≠‡πà‡∏≠‡∏ô,9
‡∏î‡∏µ,9
‡πÅ‡∏Å‡πà,9
‡πÅ‡∏Ñ‡∏£‡∏Å‡πÄ‡∏Å‡∏≠‡∏£‡πå,9
‡∏´‡πà‡∏≠,9
‡∏ü‡∏π‡πâ‡∏î,9
‡∏Ñ‡∏≥,9
‡∏Å‡∏£‡∏∞‡πÄ‡∏û‡∏£‡∏≤‡πÅ‡∏î‡∏á,9
‡∏≠‡∏≠‡∏ü‡∏ó‡∏≤‡∏ó‡∏≤‡∏£‡πå,9
‡∏´‡∏≠‡∏¢‡∏ô‡∏≤‡∏á‡∏£‡∏°,9
oregano,9
‡∏´‡∏°‡∏µ‡πà‡∏Å‡∏∂‡∏á,9
‡∏õ‡∏•‡∏≤‡∏≠‡∏¥‡∏ô‡∏ó‡∏£‡∏µ‡∏¢‡πå,9
‡∏Å‡∏£‡∏∞‡πÄ‡∏û‡∏≤‡∏∞,9
sauce,9
‡∏≠‡∏¢‡πà‡∏≤‡∏á,9
‡∏≠‡∏á‡∏∏‡πà‡∏ô,9
‡∏ô‡πâ‡∏≥‡πÅ‡∏î‡∏á‡πÄ‡∏Æ‡∏•‡∏ö‡∏•‡∏π‡∏ö‡∏≠‡∏¢,8
‡∏ï‡∏¥‡∏î,8
‡∏ú‡∏¥‡∏ß,8
‡∏≠‡∏¥‡∏ô‡πÄ‡∏î‡∏µ‡∏¢,8
‡πÑ‡∏î‡πâ,8
Tortilla,8
‡∏£‡∏π‡∏õ,8
‡∏ó‡∏≤‡∏Ñ‡∏π‡∏°‡∏¥,8
‡∏ï‡∏≥‡∏•‡∏∞‡πÄ‡∏≠‡∏µ‡∏¢‡∏î,8
flour,8
‡πÄ‡∏¢‡∏µ‡πà‡∏¢‡∏ß‡∏°‡πâ‡∏≤,8
‡∏ó‡∏≠‡∏á,8
‡πÄ‡∏û‡∏£‡∏Å,8
‡πÄ‡∏´‡∏•‡∏∑‡∏¥‡∏≠‡∏á,8
‡∏õ‡∏•‡∏≤‡∏Å‡∏£‡∏∞‡∏û‡∏á,8
‡∏õ‡∏µ,8
‡πÅ‡∏õ‡∏∞,8
‡∏´‡∏ô‡∏π,8
‡∏ù‡∏≤‡πÄ‡∏Ç‡∏µ‡∏¢‡∏ß,8
‡∏à‡∏≤‡∏Å,8
thyme,8
‡∏ï‡∏≠‡∏á,8
3,8
‡πÄ‡∏™‡∏µ‡∏¢‡∏ö,8
‡∏ã‡∏≠‡∏™‡∏ù‡∏≤‡πÄ‡∏´‡∏•‡∏∑‡∏≠‡∏á,8
‡∏ô‡πâ‡∏≥‡∏à‡∏¥‡πâ‡∏°,8
‡πÑ‡∏â‡πà,8
‡∏Ç‡πâ‡∏≤‡∏ß‡πÇ‡∏û‡∏î‡∏ï‡πâ‡∏°,8
‡∏õ‡∏•‡∏≤‡∏î‡∏≠‡∏•‡∏•‡∏µ‡πà,8
‡∏Å‡πâ‡∏≠‡∏ô,8
‡πÇ‡∏õ‡πä‡∏¢‡∏Å‡∏±‡πä‡∏Å,8
‡πÄ‡∏Ñ‡∏£‡∏∑‡πà‡∏≠‡∏á‡πÄ‡∏Ñ‡∏µ‡∏¢‡∏á,8
‡∏™‡∏±‡∏ö‡∏´‡∏¢‡∏≤‡∏ö,8
‡∏Å‡∏ß‡∏≤‡∏á,8
‡∏ô‡πâ‡∏≥‡∏°‡∏±‡∏ô‡∏û‡∏£‡∏¥‡∏Å‡πÄ‡∏ú‡∏≤,8
‡πÇ‡∏£‡∏™‡πÅ‡∏°‡∏£‡∏µ‡πà,8
‡∏£‡∏µ‡πà,8
‡∏Ñ‡πâ‡∏≤‡∏á‡∏Ñ‡∏∑‡∏ô,8
‡∏à‡∏¥‡πâ‡∏°‡∏™‡∏∏‡∏Å‡∏µ‡πâ,8
‡∏•‡∏≤‡∏ö,7
‡∏î‡∏≠‡∏Å‡∏´‡∏≠‡∏°,7
‡πÄ‡∏´‡πá‡∏î‡∏ô‡∏≤‡∏á‡∏£‡∏°‡∏´‡∏•‡∏ß‡∏á,7
‡∏õ‡∏•‡∏≤‡∏Å‡∏£‡∏≤‡∏¢,7
‡∏Å‡πã‡∏ß‡∏¢‡πÄ‡∏ï‡∏µ‡πã‡∏¢‡∏ß,7
Italian,7
‡∏´‡∏±‡∏ß‡∏´‡∏≠‡∏°‡∏ã‡∏≠‡∏¢,7
‡∏û‡∏£‡∏¥‡∏Å‡∏ä‡∏µ‡πâ‡∏ü‡πâ‡∏≤‡πÄ‡∏Ç‡∏µ‡∏¢‡∏ß,7
‡∏ï‡∏∏‡πã‡∏ô,7
‡∏Ç‡πâ‡∏≤‡∏ß‡πÇ‡∏û‡∏î‡∏´‡∏ß‡∏≤‡∏ô,7
‡∏ä‡∏∏‡∏ö,7
‡∏ñ‡∏±‡πà‡∏ß‡∏´‡∏ß‡∏≤‡∏ô,7
‡πÄ‡∏Ñ‡∏¢,7
‡∏•‡πâ‡∏≤‡∏á,7
‡∏Å‡πä‡∏ß‡∏¢,7
‡∏ã‡∏µ‡∏Å,7
‡∏´‡∏π‡πâ‡∏û‡∏ß‡∏á,7
‡∏´‡∏±‡πà‡∏ô‡∏ù‡∏≠‡∏¢,7
‡∏ã‡∏≠‡∏™,7
‡∏°‡∏≤‡∏Å‡∏≤‡∏£‡∏µ‡∏ô,7
‡∏´‡∏ô‡πà‡∏≠‡πÑ‡∏°‡πâ‡∏™‡∏î,7
‡∏´‡∏ô‡∏±‡∏á‡∏´‡∏°‡∏π,7
‡∏ï‡πâ‡∏°‡∏¢‡∏≥,7
‡∏Å‡∏£‡∏∞‡∏ß‡∏≤‡∏ô,7
‡πÅ‡∏´‡πâ‡∏á‡πÅ‡∏ä‡πà,7
‡πÑ‡∏´‡πâ,7
‡∏´‡∏ô‡∏≤,7
‡∏õ‡∏ß‡∏¢,7
‡∏™‡∏ï‡∏£‡∏≠‡πÄ‡∏ö‡∏≠‡∏£‡πå,7
‡πÇ‡∏Ñ‡∏£‡∏á‡πÑ‡∏Å‡πà,7
‡∏Å‡∏¥‡∏°‡∏à‡∏¥,7
‡∏ú‡∏±‡∏Å‡∏Å‡∏£‡∏∞‡πÄ‡∏â‡∏î,7
fat,7
‡∏≠‡∏£‡πà‡∏≠‡∏¢‡∏ä‡∏±‡∏ß‡∏£‡πå,7
‡∏ï‡∏±‡πâ‡∏á,7
‡πÅ‡∏ï‡∏á‡πÇ‡∏°,7
chop,7
‡∏õ‡∏•‡∏≤‡∏î‡∏∏‡∏Å,7
‡∏•‡∏∞,7
‡πÄ‡∏ô‡∏∑‡πâ‡∏≠‡∏ß‡∏±‡∏ß,7
‡∏£‡∏≤‡∏Å,7
Chia,7
fennel,7
‡∏Å‡∏£‡∏∞‡πÄ‡∏ó‡∏µ‡∏¢‡∏ö,7
‡∏ã‡∏≠‡∏™‡∏û‡∏£‡∏¥‡∏Å‡∏®‡∏£‡∏µ‡∏£‡∏≤‡∏ä‡∏≤,7
‡∏•‡∏π‡∏Å‡πÄ‡∏Å‡∏î,7
‡∏Ç‡πâ‡∏≤‡∏ß‡∏™‡∏≤‡∏£,7
‡∏û‡∏£‡∏¥‡∏Å‡∏Å‡∏∞‡πÄ‡∏´‡∏£‡∏µ‡πà‡∏¢‡∏á,7
‡∏≠‡πà‡∏≠‡∏ô‡∏ó‡∏≤‡∏ô,7
‡∏ó‡∏≤‡∏ô,7
‡πÑ‡∏Å‡πà‡∏´‡∏±‡πà‡∏ô,7
‡∏õ‡∏≠‡∏Å,7
‡∏õ‡∏π‡∏°‡πâ‡∏≤,7
‡∏Å‡∏µ‡∏ß‡∏µ‡πà,7
‡∏Å‡∏ß‡∏ô,7
‡∏´‡∏ô‡πà‡∏≠‡πÑ‡∏°‡πâ‡∏ï‡πâ‡∏°,6
‡∏õ‡∏•‡∏≤‡∏ï‡∏∞‡πÄ‡∏û‡∏µ‡∏¢‡∏ô,6
‡πÄ‡∏´‡πá‡∏î‡∏ä‡∏¥‡πÄ‡∏°‡∏à‡∏¥‡∏Ç‡∏≤‡∏ß,6
‡∏õ‡∏±‡πà‡∏ô,6
‡∏´‡∏π,6
‡∏°‡∏≤‡∏Å,6
‡∏Ç‡πâ‡∏≤‡∏ß‡∏™‡∏∏‡∏Å,6
‡∏î‡∏≠‡∏Å‡∏Ç‡∏à‡∏£,6
‡∏ó‡∏±‡πâ‡∏á,6
‡∏™‡πâ‡∏°‡πÅ‡∏°‡∏ô‡∏î‡∏≤‡∏£‡∏¥‡∏ô,6
üå∂,6
‡∏û‡∏±‡∏î,6
‡πÇ‡∏õ‡πâ,6
‡∏õ‡∏•‡∏≤‡∏à‡∏≤‡∏£‡∏∞‡πÄ‡∏°‡πá‡∏î,6
‡∏Å‡∏∏‡πâ‡∏á‡∏Å‡πâ‡∏≤‡∏°‡∏Å‡∏£‡∏≤‡∏°,6
‡∏à‡∏¥‡πä‡∏Å‡πÇ‡∏â‡∏ß‡πà,6
‡πÄ‡∏´‡πá‡∏î‡∏≠‡∏≠‡∏£‡∏¥‡∏à‡∏¥,6
‡∏ï‡∏∏‡πâ‡∏á,6
‡πÇ‡∏ö‡∏Å,6
‡∏´‡∏°‡∏µ‡πà‡πÄ‡∏´‡∏•‡∏∑‡∏≠‡∏á,6
‡πÑ‡∏ã‡∏£‡∏±‡∏õ,6
‡∏ù‡∏≠‡∏¢‡∏ó‡∏≠‡∏á,6
‡∏õ‡∏≠‡πÄ‡∏õ‡∏µ‡πä‡∏¢‡∏∞,6
‡∏ã‡∏¥‡∏ô‡∏ô‡∏≤‡∏°‡πà‡∏≠‡∏ô,6
‡πÅ‡∏Å‡∏á‡∏°‡∏±‡∏™‡∏°‡∏±‡πà‡∏ô,6
Asparagus,6
‡∏´‡∏±‡∏ß‡πÉ‡∏à,6
‡∏ï‡∏±‡∏î,6
‡∏•‡∏≥‡πÑ‡∏¢,6
Basil,6
‡∏û‡∏£‡∏¥‡∏Å‡πÅ‡∏î‡∏á‡∏à‡∏¥‡∏ô‡∏î‡∏≤‡∏ã‡∏≠‡∏¢,6
‡∏Ç‡πâ‡∏≤‡∏ß‡πÄ‡∏õ‡∏•‡πà‡∏≤,6
‡∏Å‡∏•‡∏¥‡πâ‡∏á,6
‡∏Å‡πà‡∏≠‡∏ô‡∏´‡∏ô‡πâ‡∏≤,6
‡πÑ‡∏°‡πâ‡∏à‡∏µ‡∏ô,6
syrup,6
purpose,6
‡πÑ‡∏ä‡πà,6
‡πÄ‡∏•‡∏≤‡∏∞,6
cinnamon,6
‡∏Ç‡∏¥‡∏á‡∏≠‡πà‡∏≠‡∏ô‡∏ã‡∏≠‡∏¢,6
‡∏ñ‡∏±‡πà‡∏ß‡πÅ‡∏Ç‡∏Å,6
‡∏Ç‡∏ô‡∏∏‡∏ô,6
‡∏°‡∏±‡∏ô‡∏™‡∏≥‡∏õ‡∏∞‡∏´‡∏•‡∏±‡∏á,6
‡∏ã‡∏≠‡∏™‡πÄ‡∏´‡πá‡∏î‡∏´‡∏≠‡∏°‡πÄ‡∏à,6
‡∏•‡∏≤‡∏¢,6
Cumin,6
‡∏°‡∏±‡∏ó‡∏â‡∏∞,6
‡πÄ‡∏Å‡∏•‡∏∑‡∏¥‡∏≠‡∏õ‡πà‡∏ô,6
all,6
‡πÄ‡∏Å‡πã‡∏≤‡∏Å‡∏µ‡πâ,6
‡∏ä‡∏∞‡∏û‡∏•‡∏π,6
‡πÄ‡∏≠‡∏á,6
‡∏ã‡∏≠‡∏™‡∏°‡∏∞‡πÄ‡∏Ç‡∏∑‡∏≠‡πÄ‡∏ó‡∏®‡πÇ‡∏£‡∏ã‡πà‡∏≤,6
‡∏ß‡∏±‡∏ß,6
‡∏Ç‡∏≠‡∏á,6
‡∏¢‡πà‡∏≤‡∏ô‡∏≤‡∏á,6
‡∏≠‡∏ö,6
‡∏ã‡∏≠‡∏™‡∏°‡∏∞‡πÄ‡∏Ç‡∏∑‡∏≠‡πÄ‡∏ó‡∏™,6
‡∏≠‡∏∑‡πà‡∏ô,6
‡∏ô‡πâ‡∏≥‡∏≠‡∏∏‡πà‡∏ô,6
‡∏´‡∏±‡∏ß‡∏õ‡∏•‡∏µ,5
‡πÑ‡∏ä‡πâ,5
spoony,5
Oil,5
‡πÅ‡∏Ñ‡∏£‡∏≠‡∏ó‡∏™‡∏±‡∏ö,5
‡∏´‡∏∏‡∏á‡∏™‡∏∏‡∏Å,5
‡∏•‡πá‡∏≠‡∏ö‡∏™‡πÄ‡∏ï‡∏≠‡∏£‡πå,5
‡∏´‡∏±‡∏ß‡∏´‡∏≠‡∏°‡πÄ‡∏à‡∏µ‡∏¢‡∏ß,5
‡∏°‡∏±‡∏ô‡πÄ‡∏ó‡∏®,5
tomato,5
‡πÇ‡∏≠‡πã,5
honey,5
‡πÑ‡∏ß‡πÑ‡∏ß,5
‡πÄ‡∏à‡∏µ‡πâ‡∏¢‡∏ß‡πÄ‡∏°‡πá‡∏î,5
‡πÉ‡∏´‡∏ç‡πà‡∏ã‡∏≠‡∏¢,5
‡∏™‡∏±‡∏õ‡∏õ‡∏∞‡∏£‡∏î,5
‡∏Ç‡∏≤‡∏´‡∏°‡∏π,5
‡∏´‡∏≠‡∏¢‡πÅ‡∏°‡∏•‡∏á‡∏†‡∏π‡πà,5
‡∏ã‡∏≠‡∏™‡∏ö‡∏≤‡∏£‡πå‡∏ö‡∏µ‡∏Ñ‡∏¥‡∏ß,5
XO,5
‡∏´‡∏ô‡∏±‡∏á‡πÑ‡∏Å‡πà,5
‡πÑ‡∏õ,5
‡∏ú‡∏±‡∏Å‡∏ï‡∏Å‡πÅ‡∏ï‡πà‡∏á,5
full,5
‡∏´‡∏π‡πâ‡∏≠‡πà‡∏≠‡∏ô,5
‡∏î‡∏∏‡∏Å,5
‡πÄ‡∏à,5
‡πÄ‡∏´‡∏•‡∏µ‡∏¢‡∏á,5
‡∏ö‡∏∏‡∏û‡∏≠‡πÅ‡∏ï‡∏Å,5
‡∏•‡∏á,5
‡πÄ‡∏Å‡∏•‡∏≠,5
Balsamic,5
‡πÄ‡∏õ‡πá‡∏î‡∏ï‡πâ‡∏°,5
parsley,5
.,5
‡πÅ‡∏Ñ‡∏£‡∏≠‡∏ó‡∏•‡∏ß‡∏Å,5
‡∏£‡∏ß‡∏°,5
‡∏û‡∏≤‡∏™‡∏ï‡πâ‡∏≤,5
dried,5
‡∏ã‡∏≠‡∏™‡∏õ‡∏£‡∏∏‡∏á,5
‡πÅ‡∏û‡∏ô,5
Parmesan,5
‡∏ô‡∏µ‡πâ,5
‡∏ú‡∏±‡∏Å‡πÄ‡∏Ñ‡∏µ‡∏¢‡∏á,5
‡∏ï‡∏∞‡πÇ‡∏Å‡πâ,5
‡∏Å‡πâ‡∏≤‡∏ô,5
‡πÅ‡∏°‡πä‡∏Å‡∏Å‡∏µ‡πâ,5
‡∏Å‡πâ‡∏≠‡∏ô‡∏£‡∏™,5
‡∏õ‡∏•‡∏≤‡∏Å‡∏∞‡∏û‡∏á,5
‡∏•‡∏π‡∏Å‡∏à‡∏±‡∏ô‡∏ó‡∏£‡πå,5
‡∏ö‡∏±‡∏ß,5
‡∏ó‡∏∏‡πÄ‡∏£‡∏µ‡∏¢‡∏ô,5
‡πÄ‡∏ú‡πá‡∏î‡∏ô‡πâ‡∏≠‡∏¢,5
‡πÅ‡∏ö‡∏ö‡πÄ‡∏ú‡πá‡∏î,5
‡∏™‡∏ß‡∏ô,5
‡πÄ‡∏ô‡∏∑‡πâ‡∏≠‡∏õ‡∏π‡∏Å‡πâ‡∏≠‡∏ô,5
‡πÄ‡∏Ñ‡∏£‡∏∑‡πà‡∏≠‡∏á‡πÅ‡∏Å‡∏á‡πÄ‡∏ú‡πá‡∏î,5
‡πÅ‡∏ï‡πà,5
‡πÄ‡∏à‡∏•‡∏≤‡∏ï‡∏¥‡∏ô,5
‡∏ö‡πä‡∏ß‡∏¢,5
‡∏´‡∏°‡∏π‡πÅ‡∏î‡∏á,5
‡∏ñ‡∏±‡πà‡∏ß‡πÅ‡∏î‡∏á,5
‡∏°‡∏∞‡∏°‡πà‡∏ß‡∏á‡∏™‡∏∏‡∏Å,5
‡∏Ç‡πà‡∏≤‡πÅ‡∏Å‡πà,5
‡πÑ‡∏ó‡∏°‡πå,5
‡πÄ‡∏à‡∏µ‡πâ‡∏¢‡∏ß,5
‡πÇ‡∏Ñ‡∏ô,5
‡∏´‡∏≠‡∏°‡∏°‡∏∞‡∏•‡∏¥,5
‡∏Ç‡πà‡∏≤‡∏ã‡∏≠‡∏¢,5
‡∏ö‡∏£‡πá‡∏≠‡∏Ñ‡πÇ‡∏Ñ‡∏•‡∏µ‡πà,5
‡∏Ç‡∏µ‡πâ,5
‡∏ô‡πâ‡∏≥‡∏•‡∏≠‡∏¢‡∏î‡∏≠‡∏Å,5
‡∏ö‡∏•‡∏π‡πÄ‡∏ö‡∏≠‡∏£‡πå‡∏£‡∏µ‡πà,5
‡∏û‡∏£‡∏¥‡∏Å‡πÑ‡∏ó‡∏≠‡πà‡∏≠‡∏ô,5
mixed,5
‡∏ö‡∏•‡πá‡∏≠‡∏Å‡πÇ‡∏Ñ‡∏•‡∏µ‡πà,5
‡∏ï‡∏≥,5
Grated,5
‡∏õ‡∏•‡∏≤‡∏£‡πâ‡∏≤,5
‡∏°‡∏∞‡πÄ‡∏Ç‡∏∑‡∏≠‡πÄ‡∏ó‡∏™,5
‡∏´‡∏≠‡∏¢‡∏î‡∏≠‡∏á,5
rocket,5
mix,5
‡πÄ‡∏î‡πá‡∏î‡∏´‡∏≤‡∏á,5
‡∏î‡∏≠‡∏Å‡πÅ‡∏Ñ,5
‡∏°‡∏∞‡∏ï‡∏π‡∏°,5
‡∏ú‡∏±‡∏Å‡∏ü‡∏¥‡∏•‡πÄ‡∏•‡πà‡∏¢‡πå,5
‡∏™‡∏ï‡∏£‡∏≠‡πÄ‡∏ö‡∏≠‡∏£‡πå‡∏£‡∏µ‡πà,5
‡∏Ç‡πâ‡∏≤‡∏ß‡πÇ‡∏û‡∏î‡∏ï‡πâ‡∏°‡∏™‡∏∏‡∏Å,5
‡∏ô‡∏°‡∏™‡∏î‡∏£‡∏™‡∏à‡∏∑‡∏î,5
‡∏£‡∏≤‡∏™‡πÄ‡∏ö‡∏≠‡∏£‡πå‡∏£‡∏µ‡πà,5
‡∏´‡∏π‡πâ‡πÅ‡∏Ç‡πá‡∏á,5
‡∏û‡∏£‡∏¥‡∏Å‡∏¢‡∏±‡∏Å‡∏©‡πå,5
‡∏ö‡πä‡∏ß‡∏¢‡∏î‡∏≠‡∏á,5
Triple,4
green,4
‡∏£‡∏°‡∏Ñ‡∏ß‡∏±‡∏ô,4
‡∏ô‡πâ‡∏≠‡∏¢,4
‡πÄ‡∏´‡∏•‡∏∑‡∏≠,4
‡∏´‡∏ô‡∏≥,4
‡∏ã‡∏≠‡∏¢‡∏ù‡∏≠‡∏¢,4
‡∏û‡∏£‡∏¥‡∏Å‡πÅ‡∏î‡∏á‡∏ã‡∏≠‡∏¢,4
basil,4
‡∏ï‡∏∞‡πÑ‡∏Ñ‡∏£‡πâ‡∏ó‡∏∏‡∏ö,4
‡∏ä‡∏¥‡πÄ‡∏°‡∏à‡∏¥‡∏î‡∏≥,4
‡∏ã‡∏∏‡∏õ‡πÑ‡∏Å‡πà,4
Cream,4
‡∏°‡∏¥‡πâ‡∏ô‡∏ó‡πå,4
‡∏´‡∏°‡∏∂‡∏Å,4
‡πÄ‡∏ä‡πà‡∏ô,4
‡∏û‡∏≠‡∏Ñ‡∏≥,4
‡∏ô‡∏Å‡∏Å‡∏£‡∏∞‡∏ó‡∏≤,4
‡∏°‡∏∞‡∏£‡∏∏‡∏°,4
‡∏Ç‡πâ‡∏≤‡∏ß‡∏ç‡∏µ‡πà‡∏õ‡∏∏‡πà‡∏ô,4
‡πÄ‡∏ä‡∏∑‡∏≠‡∏Å,4
‡πÄ‡∏ú‡∏∑‡∏≠‡∏Å‡∏ï‡πâ‡∏°,4
‡∏™‡∏±‡∏ô‡∏´‡∏•‡∏±‡∏á,4
rum,4
angel,4
‡∏ï‡∏≥‡∏û‡∏≠,4
‡∏°‡∏∑‡∏≠,4
‡∏¢‡∏µ‡∏™‡∏ï‡πå,4
‡∏ú‡∏±‡∏Å‡∏Å‡∏£‡∏µ‡∏ô‡∏Ñ‡∏≠‡∏™,4
‡πÄ‡∏≠‡πá‡∏ô‡∏Ç‡πâ‡∏≠,4
‡∏á‡∏¥‡πâ‡∏ß,4
‡∏ü‡∏≠‡∏¢‡∏•‡πå,4
‡∏û‡∏£‡∏¥‡∏Å‡∏´‡∏ß‡∏≤‡∏ô‡πÅ‡∏î‡∏á,4
‡∏°‡∏±‡∏Å‡∏Å‡∏∞‡πÇ‡∏£‡∏ô‡∏µ,4
‡∏û‡∏≠‡∏î‡∏µ,4
‡∏Ç‡∏±‡πâ‡∏ß,4
‡πÇ‡∏Ç‡∏•‡∏Å‡∏•‡∏∞‡πÄ‡∏≠‡∏µ‡∏¢‡∏î,4
‡∏Å‡∏£‡∏±‡∏°,4
ghee,4
‡∏´‡∏±‡πà‡∏ô‡∏û‡∏≠‡∏î‡∏µ‡∏Ñ‡∏≥,4
‡∏ä‡∏µ‡∏≠‡∏¥‡πä‡∏ß,4
‡∏ã‡∏≠‡∏á,4
‡∏ô‡∏µ‡πà,4
‡∏´‡∏±‡∏ß‡∏´‡∏≠‡∏°‡πÉ‡∏´‡∏ç‡πà‡∏ã‡∏≠‡∏¢,4
‡∏õ‡∏•‡∏≤‡πÄ‡∏Å‡πã‡∏≤,4
‡∏Å‡∏∏‡πâ‡∏á‡πÄ‡∏™‡∏ß‡∏¢,4
‡∏ú‡∏±‡∏Å‡πÅ‡∏Ç‡∏ô‡∏á,4
‡∏õ‡∏£‡∏∏‡∏á‡∏£‡∏™‡πÄ‡∏à,4
‡∏ú‡∏á‡∏Ç‡∏°‡∏¥‡πâ‡∏ô,4
pancake,4
‡∏•‡∏¥‡πâ‡∏ô‡∏à‡∏µ‡πà,4
coloring,4
‡∏ô‡πâ‡∏≥‡∏¢‡∏≥,4
‡∏ã‡∏≠‡∏™ ,4
‡∏¢‡∏≤‡∏¢,4
hair,4
‡∏Å‡∏∂‡πâ‡∏ô,4
‡∏û‡∏¥‡∏ã‡∏ã‡πà‡∏≤,4
‡∏ô‡πâ‡∏≥‡∏≠‡∏±‡∏ç‡∏ä‡∏±‡∏ô,4
‡∏°‡∏∞‡∏°‡πà‡∏ß‡∏á‡∏´‡∏≤‡∏ß,4
‡∏ö‡∏ô,4
Ciabatta,4
‡πÅ‡∏°‡πà‡∏ô‡πâ‡∏≥,4
‡πÅ‡∏Å‡πâ‡∏ß,4
‡∏Å‡∏∏‡πâ‡∏¢‡∏â‡πà‡∏≤‡∏¢,4
‡πÑ‡∏ú‡πà,4
‡∏Ç‡πâ‡∏≤‡∏ß‡πÇ‡∏≠‡πä‡∏ï,4
‡∏ã‡∏≠‡∏™‡∏´‡∏°‡∏±‡∏Å,4
‡∏Å‡∏∞‡πÄ‡∏û‡∏£‡∏≤‡πÄ‡∏î‡πá‡∏î,4
‡πÄ‡∏ö‡∏Å‡∏Å‡∏¥‡πâ‡∏á‡πÇ‡∏ã‡∏î‡∏≤,4
‡∏ó‡∏£‡∏≤‡∏¢,4
‡∏ò‡∏±‡∏ç‡∏û‡∏∑‡∏ä,4
‡∏ö‡πâ‡∏≤‡∏ô,4
‡∏´‡∏¢‡∏ß‡∏Å,4
‡πÄ‡∏™‡∏µ‡πâ‡∏¢‡∏ß,4
‡∏Å‡πá,4
‡∏ã‡∏≠‡∏™‡∏ó‡∏≤‡∏Ñ‡∏π‡∏°‡∏¥,4
üòç,4
seasoning,4
‡∏™‡∏ï‡∏≠‡πÄ‡∏ö‡∏≠‡∏£‡πå‡∏£‡∏µ‡πà,4
Parsley,4
‡∏ç‡∏ß‡∏ô,4
sec,4
onion,4
‡πÄ‡∏ß‡∏µ‡∏¢‡∏î‡∏ô‡∏≤‡∏°,4
‡πÅ‡∏¢‡∏°,4
‡∏Å‡∏•‡∏±‡∏î,4
water,4
‡∏û‡∏£‡∏¥‡∏Å‡∏ä‡∏µ‡∏ü‡πâ‡∏≤‡πÅ‡∏î‡∏á,4
‡∏ï‡∏∞‡πÑ‡∏Ñ‡∏£‡πâ‡∏ö‡∏∏‡∏ö,4
‡∏Å‡∏•‡∏¥‡πà‡∏ô‡∏™‡∏•‡∏∞,4
‡πÅ‡∏ó‡πà‡∏á,4
‡πÅ‡∏ú‡πà‡∏ô‡πÅ‡∏õ‡πâ‡∏á,4
paste,4
‡∏£‡∏≤‡∏î,4
‡∏ú‡∏•,4
‡∏ú‡∏±‡∏Å‡∏™‡∏≤‡∏°‡∏™‡∏µ,4
‡πÅ‡∏ã‡∏ô,4
‡∏õ‡πà‡∏≤,4
‡∏á‡∏≠‡∏Å,4
‡πÄ‡∏à‡∏µ‡πâ‡∏¢‡∏ß‡∏™‡∏π‡∏ï‡∏£,4
‡∏´‡∏°‡πâ‡∏≠,4
cream,4
‡πÅ‡∏ï‡πà‡πÄ‡∏ô‡∏∑‡πâ‡∏≠,4
zucchini,4
‡∏ô‡∏∏‡πà‡∏°,4
‡∏ñ‡πâ‡∏≤,4
‡∏ã‡∏≠‡∏™‡πÄ‡∏õ‡∏£‡∏µ‡πâ‡∏¢‡∏ß,4
‡∏´‡∏ô‡πà‡∏≠‡πÑ‡∏°‡πâ‡πÄ‡∏™‡πâ‡∏ô,4
‡∏ü‡πâ‡∏≤,4
‡∏°‡∏∞‡πÄ‡∏Ç‡∏∑‡∏≠‡πÄ‡∏ó‡∏®‡πÄ‡∏ä‡∏≠‡∏£‡∏µ‡πà,4
‡∏ö‡∏µ‡∏ó‡∏£‡∏π‡∏™,4
‡∏Å‡∏±‡∏ö,4
‡∏´‡∏ô‡πà‡∏≠‡πÑ‡∏°‡πâ‡∏à‡∏µ‡∏ô,4
food,4
Olive,4
‡∏î‡∏≠‡∏Å‡πÇ‡∏™‡∏ô,4
‡∏¢‡∏≤,4
nuts,4
‡πÄ‡∏ö‡∏≠‡∏£‡πå,4
‡πÄ‡∏ä‡∏∑‡πà‡∏≠‡∏°‡∏ó‡∏±‡∏ö‡∏ó‡∏¥‡∏°,3
‡∏¢‡∏≤‡∏Å‡∏¥‡πÇ‡∏ã‡∏ö‡∏∞,3
‡∏û‡∏£‡∏¥‡∏Å‡πÑ‡∏ó‡∏¢‡∏™‡∏î,3
‡∏Ç‡πâ‡∏≤‡∏ß‡∏´‡∏∏‡∏á‡∏™‡∏∏‡∏Å,3
‡πÅ‡∏ä‡πà‡πÅ‡∏Ç‡πá‡∏á,3
‡∏û‡∏∏‡∏ó‡∏£‡∏≤‡∏à‡∏µ‡∏ô,3
maple,3
leaves,3
‡∏ñ‡∏∏‡∏á,3
‡∏ü‡∏±‡∏ô,3
‡πÄ‡∏™‡πâ‡∏ô‡∏î‡∏≥,3
‡∏≠‡∏±‡πà‡∏ß,3
‡∏û‡∏¥‡∏°‡∏û‡πå,3
‡∏ä‡∏π,3
‡πÄ‡∏û‡∏¥‡πà‡∏°,3
‡∏à‡∏¥‡∏ô‡∏î‡∏≤,3
‡∏£‡∏™‡∏£,3
Cashew,3
Small,3
‡∏Å‡πâ‡∏≤‡∏ô‡∏Ñ‡∏∞‡∏ô‡πâ‡∏≤,3
‡∏ã‡∏±‡πà‡∏ß,3
‡πÇ‡∏Ñ‡∏•‡∏µ‡πà,3
‡πÇ‡∏´‡πà,3
‡∏™‡πâ‡∏°‡∏°‡∏∞‡∏Ç‡∏≤‡∏°,3
‡πÑ‡∏´‡∏ß‡πâ,3
‡∏ö‡∏•‡∏≠‡∏Ñ‡πÇ‡∏Ñ‡∏•‡∏µ‡πà,3
‡∏ß‡∏±‡∏ô,3
Red,3
‡∏ã‡∏µ‡∏≠‡∏¥‡πä‡∏ß‡∏´‡∏ß‡∏≤‡∏ô,3
‡πÄ‡∏ï‡∏£‡∏µ‡∏¢‡∏°,3
‡πÅ‡∏≠‡πä‡∏õ‡πÄ‡∏õ‡∏¥‡πâ‡∏•,3
‡πÄ‡∏Å‡∏µ‡πä‡∏¢‡∏ß,3
‡∏ü‡∏±‡∏Å‡∏ó‡∏≠‡∏á‡∏ï‡πâ‡∏°,3
‡∏Ç‡∏¥‡∏á‡∏™‡∏î,3
Smoked,3
Tabasco,3
‡∏°‡∏∞‡∏î‡∏±‡∏ô,3
‡∏Ñ‡∏≠‡∏ü‡∏ü‡∏µ‡πà‡πÄ‡∏°‡∏ó,3
‡∏Å‡∏£‡∏µ‡∏ô‡πÇ‡∏≠‡πä‡∏Ñ,3
‡∏ú‡∏±‡∏Å‡∏Å‡∏≤‡∏î,3
‡∏£‡∏™‡∏î‡∏µ‡∏´‡∏°‡∏π,3
‡∏ô‡πâ‡∏≥‡∏ú‡∏∂‡πâ‡∏á‡πÅ‡∏ó‡πâ,3
‡∏õ‡∏•‡∏≤‡∏¢‡πà‡∏≤‡∏á,3
Orange,3
‡∏ä‡∏ß‡∏á‡πÄ‡∏à‡∏µ‡∏¢,3
‡∏ô‡πâ‡∏≥‡πÅ‡∏î‡∏á,3
‡∏™‡πâ‡∏°‡∏™‡∏≤‡∏¢,3
‡∏û‡∏≠‡∏™‡∏∏‡∏Å,3
green cardamoms,3
‡∏û‡∏£‡∏¥‡∏Å‡πÅ‡∏Å‡∏á‡∏õ‡πà‡∏≤,3
‡∏≠‡∏ö‡∏Å‡∏£‡∏≠‡∏ö,3
Light,3
‡πÅ‡∏°‡πâ‡∏ß,3
‡∏£‡πà‡∏ß‡∏°,3
‡∏ô‡πà‡∏≥‡∏°‡∏±‡∏ô,3
‡∏Ç‡πâ‡∏≤‡∏ß‡πÑ‡∏£‡∏ã‡πå‡πÄ‡∏ö‡∏≠‡∏£‡πå‡∏£‡∏µ‡πà,3
‡πÄ‡∏Å‡∏µ‡πà‡∏¢‡∏°‡∏â‡πà‡∏≤‡∏¢,3
‡∏ö‡∏∏‡∏Å,3
‡πÅ‡∏´‡∏ô‡∏°‡∏´‡∏°‡∏π,3
‡∏û‡∏£‡∏µ‡πÇ‡∏Å‡πâ,3
‡∏ù‡∏±‡∏Å‡πÅ‡∏°‡πâ‡∏ß,3
‡∏ä‡∏¥‡πâ‡∏ô‡πÄ‡∏ô‡∏∑‡πâ‡∏≠,3
‡πÅ‡∏î‡∏î,3
‡∏ù‡∏≤‡∏ô,3
‡∏Å‡∏£‡∏∞‡∏ó‡πâ‡∏≠‡∏ô,3
‡∏ô‡πâ‡∏≥‡∏´‡∏ß‡∏≤‡∏ô,3
‡∏Å‡∏•‡πà‡∏≠‡∏á,3
‡πÅ‡∏â‡∏•‡∏ö,3
‡∏™‡∏≤‡∏£‡∏´‡∏≠‡∏°‡∏°‡∏∞‡∏•‡∏¥,3
curacao,3
‡πÄ‡∏Ñ‡∏µ‡∏¢‡∏á,3
‡∏°‡∏∞‡∏ô‡∏≤‡∏ß‡∏™‡∏î,3
Ham,3
‡∏õ‡∏•‡∏≤‡∏¢,3
‡∏´‡∏±‡πà‡∏ô‡πÄ‡∏™‡πâ‡∏ô,3
‡πÄ‡∏õ‡∏£‡∏≤‡∏∞,3
Pure,3
‡∏•‡∏π‡∏Å‡∏ï‡∏≤‡∏•,3
‡∏™‡∏≤‡πÄ‡∏Å,3
Sesame,3
‡∏Å‡∏π‡πã,3
‡∏õ‡∏•‡∏≤‡∏Å‡∏£‡∏≠‡∏ö,3
‡∏ô‡πà‡∏≠‡∏á‡πÑ‡∏Å‡πà‡πÄ‡∏•‡πá‡∏Å,3
‡∏ô‡∏Å‡∏Å‡∏∞‡∏ó‡∏≤,3
‡∏ñ‡∏±‡πà‡∏ß‡∏ü‡∏±‡∏Å,3
‡∏ô‡∏ß‡∏•,3
‡∏ó‡∏≤‡∏ô‡∏ï‡∏∞‡∏ß‡∏±‡∏ô,3
‡∏´‡∏¥‡∏°‡∏∞,3
‡πÄ‡∏≠‡∏µ‡∏¢‡πÄ‡∏•‡πâ‡∏á,3
‡∏°‡∏±‡∏î,3
Dressing,3
‡∏ü‡∏±‡∏Å‡πÅ‡∏Å‡πà,3
‡∏™‡πâ‡∏°‡∏à‡∏µ‡πä‡∏î,3
‡∏ñ‡∏±‡πà‡∏ß‡∏î‡∏≥,3
‡∏ã‡∏≠‡∏™‡πÇ‡∏Ñ‡∏ä‡∏π‡∏à‡∏±‡∏á,3
‡∏ã‡∏≠‡∏™‡πÅ‡∏°‡∏Å‡∏Å‡∏µ‡πâ,3
‡∏Ñ‡∏∞‡∏ô‡πâ‡∏≤‡∏¢‡∏≠‡∏î,3
‡∏ï‡∏π‡πâ,3
Cetriolini,3
‡∏à‡∏≤‡∏ô,3
‡∏´‡∏≠‡∏°‡πÄ‡∏à,3
‡∏´‡∏±‡∏ß‡∏´‡∏≠‡∏°‡∏´‡∏±‡πà‡∏ô,3
‡∏ô‡πâ‡∏≥‡∏´‡∏≠‡∏°,3
‡∏û‡∏£‡∏¥‡∏Å‡∏Ç‡∏∂‡πâ‡∏´‡∏ô‡∏π,3
‡πÄ‡∏ï‡πâ‡∏≤‡∏ã‡∏µ‡πà,3
‡πÄ‡∏Ç‡πâ‡∏°,3
jeera,3
‡πÄ‡∏á‡∏≤‡∏∞,3
‡∏´‡πà‡∏≤‡∏ô,3
‡πÑ‡∏™‡πâ‡∏Ñ‡∏≠‡∏•‡∏•‡∏≤‡πÄ‡∏à‡∏ô,3
‡∏Ñ‡∏£‡∏±‡∏°‡πÄ‡∏ö‡∏¥‡πâ‡∏•,3
‡∏´‡∏°‡∏π‡∏ï‡∏¥‡∏î,3
‡∏£‡∏≤‡∏Å‡∏ö‡∏±‡∏ß,3
‡∏•‡∏π‡∏Å‡πÄ‡∏•‡πá‡∏Å,3
‡∏•‡∏≠‡∏Å‡∏´‡∏ô‡∏±‡∏á,3
‡πÄ‡∏ö‡∏ó‡∏≤‡πÇ‡∏Å‡∏£,3
‡∏Ñ‡∏≤‡∏á‡∏Å‡∏∏‡πâ‡∏á,3
‡πÇ‡∏õ‡∏£‡∏ï‡∏µ‡∏ô,3
‡∏õ‡∏•‡∏≤‡∏™‡πâ‡∏°,3
‡∏ï‡∏≤‡∏°‡πÉ‡∏à‡∏ä‡∏≠‡∏ö,3
‡∏ö‡∏£‡∏≤‡∏ß,3
‡πÄ‡∏´‡∏°‡πà‡∏á‡∏™‡∏∏‡πâ‡∏ô,3
‡∏û‡∏£‡∏¥‡∏Å‡∏Ñ‡∏±‡πà‡∏ß,3
‡∏Å‡∏∞‡∏ó‡∏∞,3
‡∏ã‡∏≠‡∏™‡πÄ‡∏ó‡∏£‡∏¥‡∏¢‡∏≤‡∏Å‡∏¥,3
‡πÄ‡∏î‡∏µ‡∏¢‡∏ß,3
‡∏ô‡πâ‡∏≥‡πÄ‡∏ï‡πâ‡∏≤,3
‡πÄ‡∏õ‡πá‡∏î‡πÄ‡∏à,3
‡∏ä‡πà‡∏ß‡∏á,3
‡∏™‡∏±‡∏ö‡∏•‡∏∞‡πÄ‡∏≠‡∏µ‡∏¢‡∏î,3
‡∏û‡∏£‡∏¥‡∏Å‡∏ô‡πâ‡∏≥‡πÄ‡∏á‡∏µ‡πâ‡∏¢‡∏ß,3
‡∏á‡∏≤‡∏•‡∏µ‡∏Å‡∏∏‡∏°‡∏Å‡∏µ‡πà,3
‡∏´‡∏±‡∏ß‡πÑ‡∏ä‡∏ó‡πâ‡∏≤‡∏ß,3
‡πÅ‡∏Å‡∏á‡∏û‡∏∞‡πÅ‡∏ô‡∏á,3
‡πÑ‡∏Å‡πà‡∏ó‡∏≠‡∏î,3
‡πÄ‡∏Å‡∏î,3
‡∏Ñ‡∏≤‡πÄ‡∏ô‡∏ä‡∏±‡πà‡∏ô,3
‡∏Ø‡∏•‡∏Ø,3
‡∏ô‡πâ‡∏≥‡∏°‡∏±‡∏ô‡∏û‡∏£‡∏¥‡∏Å,3
baking,3
rice,3
‡∏´‡∏ô‡πà‡∏≠,3
‡∏™‡∏ï‡∏≠‡πÄ‡∏ö‡∏≠‡∏£‡∏µ‡πà,3
dice,3
‡πÑ‡∏â‡πâ,3
‡∏õ‡∏≤‡∏õ‡∏£‡∏¥‡∏Å‡∏≤,3
‡∏ï‡∏±‡∏ß‡πÑ‡∏™‡πâ,3
pistachios,3
‡∏ã‡∏≠‡∏™‡∏õ‡∏£‡∏∏‡∏á‡∏£‡∏™‡πÄ‡∏à,3
italian,3
‡∏°‡∏î‡πÅ‡∏î‡∏á,3
‡∏ü‡∏≠‡∏™‡πÄ‡∏ü‡∏™,3
‡∏™‡∏∞‡∏ï‡∏≠‡πÅ‡∏Å‡∏∞,3
‡∏ã‡∏≠‡∏™‡∏´‡∏≠‡∏¢‡∏ô‡∏≤‡∏á‡∏£‡∏°‡∏•‡∏µ‡∏Å‡∏∏‡∏°‡∏Å‡∏µ‡πà,3
‡πÇ‡∏õ‡πâ‡∏¢,3
‡∏ä‡πá‡∏≠‡∏Å‡πÇ‡∏Å‡πÅ‡∏•‡∏ï‡∏ä‡∏¥‡∏û,3
‡πÄ‡∏•‡∏µ‡πâ‡∏¢‡∏ö,3
‡∏£‡∏π‡∏î,3
‡∏û‡∏∏‡∏ó‡∏ò‡∏≤,3
‡∏´‡∏±‡∏ß‡πÑ‡∏ä‡πâ,3
‡∏Æ‡∏ß‡∏¢,3
‡∏´‡∏ô‡πà‡∏≠‡πÑ‡∏°‡πâ‡∏´‡∏ß‡∏≤‡∏ô,3
‡∏°‡∏∞‡∏£‡∏∞‡∏à‡∏µ‡∏ô,3
‡∏Ç‡∏¥‡∏á‡∏î‡∏≠‡∏á,3
‡πÄ‡∏ï‡πá‡∏°,3
‡∏û‡∏£‡∏¥‡∏Å‡∏ã‡∏≠‡∏¢,3
‡πÄ‡∏´‡∏•‡∏µ‡πà‡∏¢‡∏°,3
‡πÅ‡∏Ñ‡∏£‡∏≠‡∏ó‡∏™‡πÑ‡∏•‡∏î‡πå,3
‡∏ú‡∏∂‡πâ‡∏á,3
‡πÅ‡∏õ‡πâ‡∏á‡πÄ‡∏Å‡∏µ‡πä‡∏¢‡∏ß,3
‡∏´‡∏ô‡∏ß‡∏î,3
‡πÑ‡∏≠‡∏®‡∏Å‡∏£‡∏µ‡∏°,3
‡∏Å‡∏µ‡∏´‡πå,3
‡∏ä‡∏≤‡∏ã‡∏µ‡∏•‡∏≠‡∏ô,3
‡πÄ‡∏Å‡πà‡∏≤,3
‡∏Ç‡πâ‡∏≤‡∏ß‡∏ï‡∏±‡∏á,3
‡∏Ç‡∏¥‡∏á‡πÅ‡∏Å‡πà‡∏ã‡∏≠‡∏¢,3
‡∏°‡∏∞‡∏ô‡∏≤‡∏ß‡∏î‡∏≠‡∏á,3
‡∏™‡∏≤‡∏¢,3
‡∏û‡∏≠,3
‡∏ö‡∏•‡πä‡∏≠‡∏Å‡πÇ‡∏Ñ‡∏•‡∏µ‡πà,3
‡∏°‡πà‡∏≠‡∏°,3
‡∏ö‡∏µ‡∏ó‡∏£‡∏π‡∏ó,3
‡∏û‡∏£‡∏¥‡∏Å‡∏ä‡∏µ‡∏ü‡πâ‡∏≤,3
‡πÄ‡∏°‡πÄ‡∏õ‡∏¥‡πâ‡∏•,3
‡∏ö‡∏£‡πá‡∏≠‡∏Å,3
‡∏ô‡∏°‡∏™‡∏î‡∏à‡∏∑‡∏î,3
‡πÄ‡∏£‡∏∑‡∏≠,3
‡∏ô‡πâ‡∏≥‡∏Ç‡∏¥‡∏á,3
herb,3
‡∏Ç‡∏¥‡∏á‡∏´‡∏±‡πà‡∏ô,3
‡∏™‡∏ï‡∏≠‡πÄ‡∏ö‡∏≠‡∏£‡πå‡∏£‡∏µ‡πà‡∏™‡∏î,3
‡∏™‡∏±‡∏ô‡∏Ñ‡∏≠,3
‡∏ú‡∏±‡∏Å‡∏Å‡∏≤‡∏î‡∏î‡∏≠‡∏á‡∏ã‡∏≠‡∏¢,3
‡∏ñ‡∏±‡πà‡∏ß‡∏û‡∏π,3
‡πÅ‡∏õ‡πâ‡∏á‡∏ó‡πâ‡∏≤‡∏ß,3
‡πÅ‡∏ï‡∏á‡∏Å‡∏ß‡πà‡∏≤,3
Kewpie,3
5,3
‡πÅ‡∏Å‡∏á‡∏Å‡∏∞‡∏´‡∏£‡∏µ‡πà,3
‡πÄ‡∏ó‡∏µ‡∏¢‡∏°,3
‡∏´‡∏ô‡πà‡∏≠‡πÑ‡∏°‡πâ‡πÑ‡∏ú‡πà,3
‡πÅ‡∏Ñ‡∏£‡∏ô,3
‡πÑ‡∏ó,3
‡∏ï‡∏ß‡∏á,3
‡∏≠‡∏∏‡πà‡∏ô,3
Lao,3
‡∏Ñ‡πà‡∏∞,3
‡∏•‡∏π‡∏Å‡πÇ‡∏ï,3
‡∏ß‡∏±‡∏ß‡∏™‡πÑ‡∏•‡∏î‡πå,3
‡∏ü‡∏£‡∏µ‡∏ã,3
‡∏™‡∏•‡∏≤‡∏ö,3
‡∏°‡∏∞‡∏°‡πà‡∏ß‡∏á‡πÄ‡∏ö‡∏≤,3
‡∏Å‡∏•‡∏°,3
portobello mushroom,3
‡∏ã‡∏≠‡∏™‡πÄ‡∏Ñ‡∏•‡∏∑‡∏≠‡∏ö,3
‡πÑ‡∏£‡πâ,3
Darjeeling,3
‡∏Å‡∏ß‡∏ô‡πÑ‡∏™‡πâ,3
Kikkoman,3
‡πÄ‡∏à‡∏µ‡∏¢,3
beans,3
Ô∏è,3
4,3
‡∏õ‡∏•‡∏≠‡∏Å,3
‡∏£‡∏≥,3
‡πÅ‡∏Ñ‡∏£‡∏≠‡∏ó‡∏ù‡∏≠‡∏¢,3
‡∏Ñ‡∏≤‡πÇ‡∏ô‡∏•‡πà‡∏≤,3
‡∏û‡∏£‡∏¥‡∏Å‡∏ó‡∏≠‡∏î,3
Bisquick,2
‡∏Ç‡πâ‡∏≤‡∏ß‡∏ó‡∏≠‡∏î,2
‡∏≠‡∏Å‡πÑ‡∏Å‡πà‡∏´‡∏°‡∏±‡∏Å,2
champignons,2
‡∏≠‡∏¥‡πâ‡∏ß‡∏Ç‡∏≤‡∏ß,2
‡πÇ‡∏ö‡∏ß‡πå,2
‡πÅ‡∏•‡πâ‡∏ß‡πÅ‡∏ï‡πà,2
‡∏•‡∏≠‡∏Å,2
‡∏õ‡∏µ‡πä‡∏õ,2
‡∏Ñ‡∏≤,2
sour,2
‡∏ô‡πâ‡∏≥‡∏°‡∏±‡∏ô‡∏Ñ‡∏≤‡πÇ‡∏ô‡∏•‡∏≤,2
‡∏ú‡∏á‡πÑ‡∏°‡πÇ‡∏•,2
‡∏ü‡∏≠‡∏¢‡∏î‡πå,2
‡∏™‡∏∞‡πÄ‡∏î‡∏≤,2
‡∏ã‡∏≠‡∏™‡∏û‡∏¥‡∏ã‡∏ã‡πà‡∏≤,2
leaf,2
‡∏Ç‡∏¥‡∏á‡∏Ç‡∏π‡∏î,2
‡∏°‡∏∞‡πÄ‡∏Ç‡∏∑‡∏≠‡πÄ‡∏ó‡∏®‡∏ã‡∏≠‡∏¢,2
‡∏Ñ‡∏∑‡πà‡∏ô,2
Mortadella,2
‡∏Å‡∏£‡∏∞‡πÄ‡∏ó‡∏µ‡∏¢‡∏ô,2
‡∏™‡∏µ‡∏™‡∏±‡∏ô,2
‡πÇ‡∏ã‡∏ö‡∏∞,2
‡πÇ‡∏ã‡∏î‡∏≤‡πÄ‡∏ö‡∏£‡∏î,2
‡πÑ‡∏Ç‡πà‡∏•‡∏ß‡∏Å,2
‡πÑ‡∏Å‡πà‡∏´‡∏°‡∏±‡∏Å,2
‡∏•‡∏π‡∏Å‡πÄ‡∏î‡∏∑‡∏≠‡∏¢,2
‡πÅ‡∏°‡πà‡∏ô‡πâ‡∏≠‡∏¢,2
‡∏Å‡∏∏‡πâ‡∏á‡∏ó‡∏≠‡∏î,2
‡πÄ‡∏´‡πá‡∏î‡∏ô‡∏≤‡∏á‡∏£‡∏°,2
bay,2
‡∏Ç‡∏≤,2
‡∏£‡∏≠‡∏á,2
Dark,2
‡∏ó‡πâ‡∏≠,2
‡∏°‡∏∞‡πÄ‡∏Ç‡∏∑‡∏≠‡πÄ‡∏ó‡∏®‡πÄ‡∏ó‡∏®‡∏£‡∏≤‡∏ä‡∏¥‡∏ô‡∏µ,2
‡∏•‡∏π‡∏Å‡πÄ‡∏ï‡πã‡∏≤,2
‡∏™‡∏≤‡∏¢‡∏ö‡∏±‡∏ß,2
‡∏ú‡∏±‡∏Å‡∏Å‡∏≤‡∏î‡∏î‡∏≠‡∏á‡∏´‡∏±‡πà‡∏ô,2
‡∏õ‡∏•‡∏≤‡∏°‡∏á,2
‡∏û‡∏£‡∏¥‡∏Å‡∏´‡∏≠‡∏°,2
‡πÉ‡∏î,2
‡πÄ‡∏•‡πá‡∏ö,2
‡∏ó‡∏≤‡∏á,2
‡∏Ñ‡πâ‡∏≤‡∏á,2
equal,2
‡∏≠‡∏≠‡∏£‡∏¥‡∏ô‡∏à‡∏¥‡∏´‡∏±‡πà‡∏ô,2
‡πÑ‡∏ß‡∏ô‡πå‡∏Ç‡∏≤‡∏ß,2
‡∏ú‡∏±‡∏Å‡∏£‡∏ß‡∏°,2
‡∏õ‡∏•‡∏≤‡∏¢‡∏µ‡πà‡∏™‡∏Å,2
‡∏ô‡∏≥,2
‡∏´‡∏∏‡∏á‡πÅ‡∏Ç‡πá‡∏á,2
‡∏ã‡∏≠‡∏™‡πÄ‡∏ó,2
‡∏Ç‡∏≤‡πÑ‡∏Å‡πà,2
‡πÅ‡∏ï‡∏á‡∏•‡πâ‡∏≤‡∏ô,2
‡∏ä‡πá‡∏≠‡∏Å‡πÇ‡∏Å‡πÅ‡∏•‡∏ï‡∏Å‡πâ‡∏≠‡∏ô,2
‡∏õ‡∏•‡∏≤‡∏Ç‡πâ‡∏≤‡∏ß‡∏™‡∏≤‡∏£,2
‡πÄ‡∏•‡∏µ‡πâ‡∏¢‡∏á,2
‡∏°‡∏∞‡πÄ‡∏Ç‡∏∑‡∏≠‡πÄ‡∏ó‡∏®‡πÄ‡∏ä‡∏≠‡∏£‡πå‡∏£‡∏µ‡πà,2
‡∏°‡∏±‡∏ä‡∏â‡∏∞,2
‡∏´‡∏ô‡πà‡∏≠‡πÑ‡∏°‡πâ‡πÑ‡∏ú‡πà‡∏´‡∏ß‡∏≤‡∏ô,2
‡∏ô‡∏Å,2
Cake,2
‡∏õ‡∏±‡πâ‡∏ô,2
Pesto,2
‡∏ó‡πà‡∏≤,2
‡∏à‡∏±‡∏ö,2
‡∏ù‡∏≤‡πÄ‡∏´‡∏•‡∏∑‡∏≠‡∏á,2
bean,2
‡∏™‡∏±‡∏ï‡∏ß‡πå,2
‡∏´‡∏°‡∏µ‡πà‡∏™‡∏î,2
Hair,2
wheat,2
‡πÄ‡∏ö‡∏≠‡∏£‡∏µ‡πà‡∏≠‡∏ö,2
100,2
‡∏Ç‡∏°‡∏¥‡πâ‡∏ô‡∏´‡∏±‡πà‡∏ô,2
‡∏ü‡∏≤‡∏á,2
‡πÄ‡∏≠‡∏™‡∏û‡∏µ,2
‡∏Ñ‡∏≤‡∏£‡∏≤‡πÄ‡∏°‡∏•,2
‡∏≠‡∏¥‡∏ô‡∏ó‡∏£‡∏µ‡∏¢‡πå,2
Mayonnaise,2
‡∏ö‡∏£‡∏±‡πà‡∏ô‡∏î‡∏µ,2
‡πÇ‡∏≠‡∏ß‡∏±‡∏•‡∏ï‡∏¥‡∏ô,2
‡πÉ‡∏ö‡∏Å‡∏£‡∏∞‡∏ß‡∏≤‡∏ô,2
‡πÅ‡∏ï‡πà‡∏Å‡πâ‡∏≤‡∏ô,2
‡πÑ‡∏™‡πâ‡∏≠‡πà‡∏≠‡∏ô,2
‡∏Ç‡πâ‡∏≤‡∏ß‡∏ã‡∏π‡∏ä‡∏¥,2
‡πÅ‡∏ä‡∏°‡∏õ‡∏¥‡∏ç‡∏≠‡∏á,2
‡∏Ñ‡∏∞‡∏ô‡πâ‡∏≤‡∏´‡∏±‡πà‡∏ô,2
‡πÄ‡∏õ‡∏µ‡πä‡∏¢‡∏∞,2
‡∏ô‡∏≥‡πâ‡∏°‡∏±‡∏ô,2
‡πÑ‡∏Å‡πà‡πÄ‡∏•‡∏≤‡∏∞,2
Brown,2
non,2
‡∏≠‡∏Å‡πÄ‡∏õ‡πá‡∏î,2
‡∏Å‡∏∞,2
‡∏ó‡∏≤‡∏Å,2
‡∏£‡∏≠‡∏ö,2
‡∏ú‡∏±‡∏Å‡∏õ‡∏±‡πã‡∏á,2
‡∏™‡πÑ‡∏ï‡∏•‡πå,2
‡∏ã‡∏≤‡∏•‡∏≤‡∏£‡∏µ‡πà,2
‡πÑ‡∏ï‡∏õ‡∏•‡∏≤,2
‡∏ä‡∏≤‡∏ï‡∏£‡∏≤,2
‡∏°‡∏∞‡∏Å‡∏∞‡πÇ‡∏£‡∏ô‡∏µ,2
Super,2
‡∏≠‡∏¥‡∏ï‡∏≤‡∏•‡∏µ,2
‡∏ô‡∏°‡∏™‡∏î‡∏£‡∏™‡∏´‡∏ß‡∏≤‡∏ô,2
‡πÅ‡∏ï‡∏á,2
‡∏°‡πâ‡∏≤,2
‡∏õ‡∏•‡∏≤‡∏ã‡∏≤‡∏ö‡∏∞,2
‡∏ô‡∏∂‡∏á,2
*,2
‡∏£‡∏∞‡∏ó‡∏∞,2
‡∏ö‡∏≤‡∏£‡πå‡πÄ‡∏•‡∏¢‡πå,2
‡∏Ç‡∏°‡∏¥‡πâ‡∏ô‡∏ä‡∏±‡∏ô,2
wild,2
‡πÇ‡∏Æ‡∏°‡πÄ‡∏°‡∏î,2
‡∏ö‡∏á‡∏´‡∏ß‡∏≤‡∏ô,2
‡πÇ‡∏≠‡∏£‡∏¥‡πÇ‡∏≠‡πâ‡∏´‡πà‡∏≠,2
‡∏Ç‡πâ‡∏≤‡∏ß‡∏´‡∏≠‡∏°,2
Caesar,2
‡∏ï‡∏≥‡∏´‡∏¢‡∏≤‡∏ö,2
Moist,2
‡∏Å‡∏≤‡∏î‡∏Ç‡∏≤‡∏ß,2
‡∏Å‡∏£‡∏∞‡∏´‡∏£‡∏µ‡πà,2
‡∏û‡∏£‡∏¥‡∏Å‡πÅ‡∏´‡πâ‡∏á,2
‡πÉ‡∏ö‡∏¢‡∏≠,2
Capellini,2
‡πÇ‡∏õ‡πä‡∏ß‡∏´‡∏ß‡∏≤‡∏ô,2
‡∏≠‡∏¥‡∏ô‡∏ó‡∏ú‡∏•‡∏±‡∏°,2
Mix,2
‡∏°‡∏≤‡∏ä‡πÄ‡∏°‡∏•‡πÇ‡∏•,2
‡∏ó‡∏≤‡∏£‡πå‡∏ï,2
‡πÄ‡∏ï‡∏µ‡πã‡∏¢‡∏ß,2
‡∏≠‡∏¥‡∏ï‡∏≤‡πÄ‡∏•‡∏µ‡∏¢‡∏ô,2
‡πÅ‡∏ú‡πà‡∏ô‡πÄ‡∏°‡∏µ‡πà‡∏¢‡∏á,2
‡πÇ‡∏≠‡πä‡∏Ñ,2
‡∏°‡πà‡∏≠‡∏ô,2
‡∏¢‡∏µ‡πâ,2
‡πÑ‡∏Å‡πà‡∏¢‡∏≠,2
‡πÇ‡∏õ‡πä,2
‡πÄ‡∏Ñ‡∏£‡∏∑‡πà‡∏≠‡∏á‡πÅ‡∏Å‡∏á‡πÄ‡∏Ç‡∏µ‡∏¢‡∏ß‡∏´‡∏ß‡∏≤‡∏ô,2
‡∏Å‡∏£‡∏≠‡∏á,2
‡∏Ç‡πâ‡πà‡∏≤‡∏ß,2
‡∏°‡∏∞‡πÅ‡∏Ç‡∏ß‡πà‡∏ô,2
‡∏™‡∏ï‡∏£‡∏≠‡∏ß‡πå‡πÄ‡∏ö‡∏≠‡∏£‡πå‡∏£‡∏µ‡πà,2
‡∏≠‡∏∞‡πÇ‡∏ß‡∏Ñ‡∏≤‡πÇ‡∏î,2
‡∏™‡∏õ‡∏≤‡πÄ‡∏Å‡πá‡∏ï‡∏ï‡∏µ‡πâ‡∏ï‡πâ‡∏°,2
‡∏°‡∏±‡∏á‡∏Å‡∏£,2
‡πÄ‡∏Å‡∏©‡∏ï‡∏£,2
‡∏•‡πâ‡∏ß‡∏ô,2
‡∏ù‡∏±‡∏Å‡πÅ‡∏Å‡πà,2
‡πÅ‡∏ö‡πà‡∏á,2
‡∏î‡∏¥‡∏ô,2
‡πÄ‡∏•‡∏µ‡πä‡∏¢‡∏ö,2
‡πÑ‡∏Ç‡πà‡∏õ‡∏•‡∏≤,2
ginger,2
‡∏´‡∏•‡∏≤‡∏á,2
‡∏õ‡∏≠,2
‡∏ñ‡∏±‡πà‡∏ß‡πÄ‡∏ô‡πà‡∏≤,2
‡πÅ‡∏Ñ‡∏£‡∏£‡∏≠‡∏ó,2
‡∏Ñ‡∏ß‡πâ‡∏≤‡∏ô‡πÑ‡∏™‡πâ,2
‡πÇ‡∏≠‡πä‡∏ï‡∏≠‡∏ö,2
‡∏≠‡∏≠‡∏£‡∏¥‡∏ô‡∏à‡∏¥,2
‡∏ã‡∏≠‡∏™‡∏®‡∏£‡∏µ‡∏£‡∏≤‡∏ä‡∏≤,2
‡πÄ‡∏Å‡∏•‡∏¥‡∏≠‡∏õ‡πà‡∏ô,2
‡∏¢‡∏≥,2
Champignons,2
‡∏â‡πà‡∏≥,2
‡∏≠‡∏¥‡∏ô‡∏ó‡∏ú‡∏≤‡∏•‡∏±‡∏°,2
‡∏õ‡∏µ‡∏Å‡∏ö‡∏ô,2
‡∏°‡πâ‡∏≤‡∏Æ‡πà‡∏≠,2
‡∏û‡∏£‡∏¥‡∏Å‡πÑ‡∏ó‡∏õ‡∏∏‡πà‡∏ô,2
‡∏õ‡∏•‡∏≤‡∏≠‡∏¥‡∏ô‡∏ó‡∏£‡∏µ,2
‡πÉ‡∏ö‡πÄ‡∏ï‡∏¢,2
condensed,2
‡∏ã‡∏±‡∏ô‡∏Ñ‡∏ß‡∏¥‡∏Å,2
‡∏ô‡∏°‡∏™‡∏î ‡∏£‡∏™‡∏à‡∏∑‡∏î,2
üç¥,2
‡∏ï‡∏∞‡∏•‡∏¥‡∏á‡∏õ‡∏•‡∏¥‡∏á,2
‡πÅ‡∏≠‡∏á‡πÄ‡∏à‡∏¥‡πâ‡∏•‡πÅ‡∏Æ‡∏£‡πå,2
‡∏ô‡πâ‡∏≥‡∏ó‡∏±‡∏ö‡∏ó‡∏¥‡∏°,2
‡∏ú‡∏±‡∏î‡∏û‡∏£‡∏¥‡∏Å‡πÅ‡∏Å‡∏á,2
‡∏Ç‡∏°‡∏¥‡πâ‡∏ô‡∏™‡∏±‡∏ö,2
‡∏Æ‡∏±‡πà‡∏ß‡πÄ‡∏ã‡πà‡∏á‡∏Æ‡∏á,2
‡∏ã‡∏≠‡∏¢‡∏•‡∏∞‡πÄ‡∏≠‡∏µ‡∏¢‡∏î,2
A,2
‡∏´‡∏°‡∏π‡∏´‡∏ß‡∏≤‡∏ô,2
tofu,2
‡∏ã‡∏≠,2
‡∏≠‡∏±‡∏î‡∏´‡∏±‡πà‡∏ô,2
‡∏Ñ‡∏∞,2
‡∏û‡∏£‡∏¥‡∏Å‡∏õ‡πà‡∏ô‡πÄ‡∏Å‡∏≤‡∏´‡∏•‡∏µ,2
‡∏û‡∏∑‡∏Ç,2
‡∏ô‡πâ‡∏≥‡πÅ‡∏£‡πà,2
‡∏´‡∏°‡πà‡∏≤,2
‡∏ã‡∏∏‡∏õ‡πÉ‡∏™,2
‡∏Ç‡∏ô‡∏°‡πÄ‡∏Ç‡πà‡∏á,2
‡∏î‡∏±‡πâ‡∏á‡πÄ‡∏î‡∏¥‡∏°,2
with,2
‡∏≠‡∏π‡∏°‡∏≤‡∏°‡∏¥,2
‡∏´‡∏°‡∏µ‡πà‡∏Å‡∏£‡∏≠‡∏ö,2
‡∏•‡∏î,2
‡∏™‡∏≤‡∏£‡πÄ‡∏™‡∏£‡∏¥‡∏°,2
üç´,2
compose,2
‡∏ã‡∏≠‡∏™‡∏ú‡∏±‡∏î,2
‡∏û‡∏∏‡∏ó‡∏ò‡∏≤‡∏à‡∏µ‡∏ô,2
Rice,2
‡∏ô‡πâ‡∏≥‡πÄ‡∏°‡∏µ‡πà‡∏¢‡∏á,2
‡∏ô‡πâ‡∏≥‡∏ï‡∏≤‡∏ö,2
‡∏ô‡πà‡∏≠‡∏á‡∏õ‡∏µ‡∏Å,2
Kum,2
Lee ,2
‡πÅ‡∏´‡πâ‡∏ß‡∏ï‡πâ‡∏°‡∏™‡∏∏‡∏Å,2
‡∏™‡πâ‡∏°‡πÅ‡∏Ç‡∏Å,2
biscuit,2
‡πÑ‡∏ä‡πÇ‡∏õ‡πä‡∏´‡∏ß‡∏≤‡∏ô,2
‡πÉ‡∏ö‡∏°‡∏∞‡∏Å‡∏£‡∏π‡∏î,2
‡∏ï‡πâ‡∏°‡∏ï‡∏∏‡πã‡∏ô,2
‡∏î‡∏π,2
‡πÅ‡∏ú‡πà‡∏ô‡πÄ‡∏Å‡∏µ‡πâ‡∏¢‡∏ß,2
Tea,2
‡πÑ‡∏ß‡∏ó‡πå‡∏ã‡∏≠‡∏™,2
low,2
‡πÇ‡∏≠‡∏£‡∏¥‡πÇ‡∏≠‡πâ,2
‡∏ö‡πà‡∏ô,2
‡∏ö‡∏•‡∏π‡πÄ‡∏ö‡∏≠‡∏£‡∏µ‡πà,2
soy,2
dairy,2
 ‡∏•‡∏µ‡∏Å‡∏∏‡∏°‡∏Å‡∏µ‡πà,2
‡∏ú‡∏π‡∏Å,2
‡∏™‡∏ô,2
Kee,2
‡∏°‡πà‡∏ß‡∏á‡∏•‡∏≤‡πÄ‡∏ï‡πâ,2
‡∏Ñ‡∏≠‡∏£‡πå‡∏ô‡πÑ‡∏ã‡∏£‡∏±‡∏õ,2
‡∏Å‡∏£‡∏∞‡πÄ‡∏û‡∏≤,2
‡πÅ‡∏´‡∏•‡∏Å,2
‡∏™‡∏ï‡∏π‡∏ß‡πå,2
‡∏Å‡∏∏‡πâ‡∏á‡∏ù‡∏≠‡∏¢,2
‡∏ã‡∏≠‡∏™‡∏´‡∏≠‡∏¢‡∏ô‡∏≤‡∏á‡∏£‡∏™,2
‡∏ã‡∏≠‡∏™‡∏´‡∏≠‡∏¢‡∏ô‡∏≤‡∏á‡∏•‡∏°,2
‡∏Å‡∏≤‡∏ô‡∏û‡∏•‡∏π,2
Premium,2
‡πÇ‡∏ã‡∏î‡∏≤‡∏™‡∏¥‡∏á‡∏´‡πå,2
Tortillas,2
‡∏ã‡∏µ‡πà‡∏ö‡∏•‡∏π‡πÇ‡∏Å‡∏Å‡∏¥,2
‡∏™‡∏≤‡∏Ñ‡∏π‡∏ï‡πâ‡∏ô,2
Salad,2
‡πÇ‡∏•‡πÇ‡∏ö,2
‡∏ß‡∏¥‡∏ä‡∏™‡πÄ‡∏õ‡∏£‡∏î,2
‡πÅ‡∏£‡πà,2
‡∏ö‡∏≤‡πÄ‡∏Å‡πá‡∏ï,2
‡πÑ‡∏Å‡πà‡∏≠‡∏Å,2
‡πÄ‡∏î‡∏∑‡∏≠‡∏î,2
‡πÅ‡∏õ‡πâ‡∏á‡∏ô‡∏ß‡∏•,2
‡∏°‡∏∞‡πÄ‡∏ü‡∏∑‡∏≠‡∏á,2
‡∏ã‡∏≠‡∏™‡∏™‡∏∏‡∏Å‡∏µ‡πâ,2
‡∏´‡∏ô‡πà‡∏≠‡πÑ‡∏°‡πâ‡∏ù‡∏≠‡∏¢,2
‡πÇ‡∏ï‡πâ‡∏ß‡πÄ‡∏´‡∏°‡∏µ‡πà‡∏¢‡∏ß,2
‡∏Å‡πã‡∏ß‡∏¢‡∏à‡∏±‡πä‡∏ö,2
optional,2
‡∏¢‡∏≠‡∏á,2
‡πÇ‡∏Ñ‡∏£‡∏≤‡∏ä,2
‡∏Å‡πâ‡∏ß‡∏¢,2
Chili,2
‡∏ï‡∏∏‡πâ‡∏á‡∏Æ‡πà‡∏≠‡∏á‡πÄ‡∏ï‡πâ,2
‡∏´‡∏±‡∏ß‡∏Ç‡πà‡∏≤,2
‡∏°‡∏∞‡∏°‡πà‡∏ß‡∏á‡πÅ‡∏Å‡πâ‡∏ß,2
‡πÄ‡∏ó‡∏®,2
‡∏Ç‡∏ß‡∏≤‡∏á,2
‡∏ã‡∏∏‡∏õ‡∏Å‡πâ‡∏≠‡∏ô,2
&,2
Coriander,2
‡∏ß‡∏¥‡∏ä,2
‡∏•‡πâ‡∏≥,2
‡∏°‡∏∞‡πÄ‡∏Ç‡∏∑‡∏≠‡πÄ‡∏õ‡∏≤‡∏∞‡∏ú‡πà‡∏≤,2
‡∏ñ‡∏±‡πà‡∏ß‡∏û‡∏•‡∏π,2
‡πÑ‡∏ä‡πÇ‡∏õ‡πä,2
‡∏ö‡∏±‡∏ß‡∏ö‡∏Å,2
‡∏ï‡∏≠‡∏ô,2
‡∏Å‡∏£‡∏∞‡∏ó‡∏á,2
‡πÄ‡∏Æ‡∏•‡∏™‡πå‡∏ö‡∏•‡∏π‡∏ö‡∏≠‡∏¢,2
‡∏≠‡∏£‡∏¥‡∏¢‡∏≤‡∏Å‡∏¥,2
‡∏°‡∏∞‡∏•‡∏∞‡∏Å‡∏≠‡∏î‡∏¥‡∏ö,2
‡∏ø,2
scallop,2
‡∏´‡∏±‡∏ß‡∏´‡∏≠‡∏°‡∏ö‡∏∏‡∏ö,2
‡∏´‡∏≠‡∏°‡πÄ‡∏à‡∏µ‡∏¢‡∏ß,2
‡∏ã‡∏≠‡∏™‡∏™‡πÑ‡∏õ,2
‡∏ï‡∏≤‡∏•,2
‡∏õ‡∏¥‡πâ‡∏á,2
‡∏™‡∏õ‡∏≤‡πÄ‡∏Å‡∏ï‡∏ï‡∏µ,2
Holy,2
‡∏°‡∏∞‡∏°‡πà‡∏ß‡∏á‡∏≠‡∏≤‡∏£‡πå‡∏ó‡∏π‡∏≠‡∏µ‡∏ó‡∏π,2
‡∏ö‡∏ß‡∏ö‡πÄ‡∏´‡∏•‡∏µ‡πà‡∏¢‡∏°,2
‡∏´‡∏±‡∏ß‡∏´‡∏°‡∏π,2
‡∏¢‡∏≠‡∏î‡∏°‡∏∞‡∏£‡∏∞,2
‡πÄ‡∏°‡∏µ‡πà‡∏¢‡∏á,2
Dill,2
‡∏ú‡∏±‡∏Å‡πÅ‡∏Å‡∏•‡πâ‡∏°,2
‡πÅ‡∏´‡∏ô‡∏°‡∏™‡∏î,2
‡∏û‡∏£‡∏¥‡∏Å‡∏ä‡∏µ‡πâ‡∏ü‡πâ‡∏≤‡πÅ‡∏î‡∏á‡πÄ‡∏Ç‡∏µ‡∏¢‡∏ß,2
‡πÄ‡∏ö‡∏≠‡πÄ‡∏Å‡∏≠‡∏£‡πå,2
‡∏ô‡∏°‡∏≠‡∏±‡∏•‡∏°‡πà‡∏≠‡∏ô‡∏î‡πå,2
Betty,2
‡πÅ‡∏õ‡πâ‡∏á‡∏´‡∏°‡∏µ‡πà,2
‡πÄ‡∏™‡∏∑‡∏≠,2
‡πÅ‡∏´‡πâ‡∏ß,2
Siu ,2
‡∏°‡∏∞‡∏°‡πà‡∏ß‡∏á‡∏î‡∏¥‡∏ö,2
‡πÄ‡∏•‡∏∑‡∏≠‡∏Å,2
‡∏Æ‡∏¥‡∏ô‡πÄ‡∏•,2
saffron,2
‡∏Ñ‡∏£‡∏±‡∏ß,2
‡πÅ‡∏¢‡∏°‡∏ö‡∏•‡∏π‡πÄ‡∏ö‡∏≠‡∏£‡πå‡∏£‡∏µ‡πà,2
 Ma,2
‡∏ô‡πâ‡∏≥‡πÄ‡∏•‡∏°‡∏≠‡∏ô,2
‡∏°‡∏±‡∏•‡πÄ‡∏ö‡∏≠‡∏£‡πå‡∏£‡∏µ‡πà,2
‡∏û‡∏£‡∏¥‡∏Å‡πÅ‡∏Å‡∏á‡πÅ‡∏û‡∏ô‡∏á,2
Thai,2
‡∏≠‡πà‡∏≠‡∏ô‡∏´‡∏±‡πà‡∏ô,2
caviar,2
‡∏ü‡∏¥‡∏•‡πÄ‡∏•‡πà‡∏¢‡πå,2
Homemade,2
‡∏Ñ‡∏∏‡∏ì‡∏†‡∏≤‡∏û,2
‡πâ‡∏ô‡πâ‡∏≥‡∏°‡∏±‡∏ô,2
paprika,2
‡∏î‡∏≠‡∏Å‡∏û‡∏ß‡∏á‡∏ä‡∏°‡∏û‡∏π,2
',2
‡∏á‡∏≤‡∏ç‡∏µ‡πà‡∏õ‡∏∏‡πà‡∏ô,2
‡∏û‡∏£‡∏¥‡∏Å‡πÅ‡∏Å‡∏á‡πÄ‡∏î‡πá‡∏Å,2
‡∏ô‡∏±‡∏ß,2
‡πÉ‡∏ö‡∏ó‡∏≠‡∏á,2
‡πÄ‡∏Å‡∏≤‡∏´‡∏•‡∏µ,2
‡∏û‡∏£‡∏¥‡∏Å‡∏™‡∏î ‡∏´‡∏±‡πà‡∏ô,2
‡∏¢‡∏≤‡∏Ñ‡∏π‡∏•‡∏ó‡πå,2
‡∏ñ‡πà‡∏≤‡∏ô,2
‡πÅ‡∏ä‡∏°‡∏õ‡∏¥‡∏¢‡∏≠‡∏á,2
‡∏™‡∏î‡∏ï‡∏≤‡∏°,2
‡πÉ‡∏Ç‡πà,2
Char,2
Bread,2
‡∏ó‡∏¥‡πâ‡∏á,2
‡πÅ‡∏ó‡∏ô,2
milk,2
‡∏ó‡∏¥‡∏ä‡∏ä‡∏π‡πà,2
‡∏´‡∏±‡πà‡∏ô‡∏û‡∏≠‡∏Ñ‡∏≥,2
‡πÄ‡∏Å‡πä‡∏Å,2
Tequila,2
‡∏ü‡∏±‡∏Å‡πÅ‡∏°‡πâ‡∏ß,2
‡∏û‡∏£‡∏¥‡∏Å‡∏´‡∏°‡πà‡∏≤‡∏•‡πà‡∏≤,2
‡πÄ‡∏Ç‡∏µ‡∏¢‡∏ß‡∏ã‡∏≠‡∏¢,2
‡∏™‡∏≤‡∏£‡∏™‡πâ‡∏°,2
of,2
‡∏Ç‡πâ‡∏ô,2
‡∏™‡πâ‡∏°‡πÄ‡∏Ç‡πâ‡∏°‡∏Ç‡πâ‡∏ô,2
‡πÅ‡∏à‡πà‡∏ß,2
‡∏Ñ‡∏ß‡∏≤‡∏°,2
‡∏´‡∏π‡πà‡πÄ‡∏°‡∏≤‡∏∞,2
juice,2
‡∏´‡∏ô‡πà‡∏≠‡πÑ‡∏°‡πâ‡∏£‡∏ß‡∏Å,2
‡∏ö‡∏ß‡∏°,2
‡∏Ç‡∏¥‡∏á‡∏ù‡∏≤‡∏ô,2
Crocker,2
‡∏õ‡∏£‡∏∞‡∏°‡∏≤‡∏ì,2
‡∏õ‡∏≤‡∏î,2
‡πÄ‡∏ö‡∏≠‡∏£‡∏µ‡πà,2
‡∏Æ‡∏∑‡∏≠‡∏Å‡πâ‡∏ß‡∏¢,2
Black,2
‡∏ï‡∏±‡∏á‡∏â‡πà‡∏≤‡∏¢,2
‡∏°‡∏¥‡∏Å‡∏ã‡πå,2
‡∏´‡∏±‡πà‡∏ô‡∏ä‡∏¥‡πâ‡∏ô,2
‡∏ô‡πâ‡∏≥‡∏°‡∏±‡∏ô‡∏û‡∏£‡∏¥‡∏Å‡∏à‡∏µ‡∏ô,2
‡πÇ‡∏°‡∏î‡∏¥‡∏ü‡∏≤‡∏¢‡∏î‡πå,2
‡πÄ‡∏î‡∏ô‡∏°‡∏≤‡∏£‡πå‡∏Ñ,2
‡∏à‡∏∞,2
‡∏Å‡πâ‡∏≤‡∏°,2
‡∏à‡∏¥‡πä‡∏Å‡πÇ‡∏â‡πà‡∏ß,2
‡∏´‡πâ‡∏≠‡∏á,2
‡πÑ‡∏ß,2
‡∏ó‡∏≠‡∏î‡πÑ‡∏Ç‡πà,2
Spirulina,2
Tea Spread,2
‡∏ä‡∏¥‡πâ‡∏ô‡πÄ‡∏≠‡πá‡∏ô‡∏´‡∏°‡∏π,2
‡∏Å‡∏£‡∏∞‡πÄ‡∏û‡∏£‡∏≤‡∏∞,2
‡πÄ‡∏¢‡∏∑‡πà‡∏≠‡πÑ‡∏ú‡πà,2
‡πÅ‡∏Ñ‡∏£‡∏≠‡∏ó‡∏´‡∏±‡πà‡∏ô‡πÄ‡∏™‡πâ‡∏ô,2
SP,2
‡∏ö‡∏≤‡∏™‡∏°‡∏≤‡∏ï‡∏¥,2
‡πÅ‡∏õ‡πâ‡∏á‡πÅ‡∏î‡∏á,2
‡πÇ‡∏´‡∏£‡∏∞‡∏û‡∏≤‡πÄ‡∏î‡πá‡∏î‡πÉ‡∏ö,2
‡∏°‡∏∞‡πÄ‡∏Ç‡∏∑‡∏≠‡πÄ‡∏ó‡∏®‡∏™‡πÑ‡∏•‡∏î‡πå,2
‡∏ú‡∏±‡∏î‡∏™‡∏•‡∏±‡∏î,2
‡∏ô‡πâ‡∏≥‡∏ï‡∏Å,2
‡∏ï‡∏∞‡∏Å‡πâ‡∏ß‡∏á,2
‡∏ï‡∏µ‡∏ô,2
Gan,2
‡∏≠‡∏≤‡∏à‡∏≤‡∏î,2
‡πÄ‡∏à‡πâ‡∏≤,2
‡∏™‡∏•‡∏∞,2
‡∏¢‡∏≤‡∏à‡∏µ‡∏ô,2
‡∏ã‡∏∏‡∏õ‡∏î‡∏≤‡∏ä‡∏¥,2
‡∏™‡∏≤‡∏£,2
‡∏Ç‡∏¥‡∏á‡∏≠‡πà‡∏≠‡∏ô,2
‡πÄ‡∏Å‡∏•‡∏∑‡∏¥‡∏≠,2
‡∏≠‡πâ‡∏ß‡∏ô,2
‡∏´‡∏≤‡∏á,2
‡πÇ‡∏Ñ‡∏•‡∏á,2
‡∏Å‡∏±‡πä‡∏Å,2
‡∏Å‡∏£‡∏∞‡πÄ‡∏û‡∏£‡∏≤‡πÄ‡∏î‡πá‡∏î,2
Raspberry,2
chilli,2
‡∏Ñ‡∏∞‡∏ô‡πâ‡∏≤‡∏ã‡∏≠‡∏¢,2
‡πÄ‡∏°‡∏ô‡∏π,2
‡∏ã‡∏≠‡∏™‡πÄ‡∏¢‡πá‡∏ô‡∏ï‡∏≤‡πÇ‡∏ü,2
Baxters,2
‡∏ñ‡∏±‡πà‡∏ß‡∏á‡∏≠‡∏Å‡∏•‡∏ß‡∏Å,2
‡∏ï‡πâ‡∏≠‡∏á,2
‡∏Ç‡πâ‡∏≤‡∏ß‡∏´‡∏∏‡∏á,2
‡∏ï‡∏±‡∏ß‡∏ã‡∏≠‡∏™,2
‡∏û‡∏£‡∏¥‡∏Å‡∏Ç‡∏µ‡πâ‡∏´‡∏ô‡∏π‡∏™‡∏ß‡∏ô‡∏ã‡∏≠‡∏¢,2
sesame,2
‡∏™‡πâ‡∏°‡∏™‡∏≤‡∏¢‡∏ô‡πâ‡∏≥,2
‡∏°‡∏∞‡∏≠‡∏∂‡∏Å,2
‡∏î‡∏≥‡∏´‡∏ß‡∏≤‡∏ô,2
‡πÄ‡∏Ç‡∏µ‡∏¢‡∏ß‡∏´‡∏ß‡∏≤‡∏ô,2
‡∏ô‡∏°‡∏£‡∏™,2
‡πÄ‡∏Å‡∏µ‡πâ‡∏¢‡∏°‡∏â‡πà‡∏≤‡∏¢,2
‡∏ä‡∏≤‡∏Å‡∏∏‡∏´‡∏•‡∏≤‡∏ö,2
‡πÑ‡∏™‡πâ‡∏ï‡∏±‡∏ô,2
‡∏ã‡∏≠‡∏™‡∏ù‡∏≤‡∏ó‡∏≠‡∏á,2
‡∏Ç‡πâ‡∏≤‡∏á,2
‡∏≠‡∏≠‡∏ô‡πÄ‡∏ã‡∏ô,2
‡∏Ç‡πâ‡∏≤‡∏ß‡πÄ‡∏´‡∏ô‡∏µ‡∏¢‡∏ß‡∏î‡∏≥,2
‡∏Ç‡πâ‡∏≤‡∏ß‡πÑ‡∏£‡∏ã‡πå‡πÄ‡∏ö‡∏≠‡∏£‡∏µ‡πà,2
‡∏•‡πà‡∏≤,2
‡∏´‡∏±‡∏ß‡∏õ‡∏•‡∏≤,2
‡∏ã‡∏µ‡πâ,2
‡∏ß‡∏≠‡∏î‡∏Å‡πâ‡∏≤,2
‡πÇ‡∏ä‡∏¢‡∏∏‡πÉ‡∏™,2
‡πÇ‡∏ô‡∏£‡∏¥,2
‡∏´‡∏ô‡πà‡∏≠‡πÑ‡∏°‡πâ‡∏ï‡πâ‡∏°‡∏´‡∏±‡πà‡∏ô,2
‡∏£‡πâ‡∏≤‡∏ô,2
‡πÅ‡∏ó‡πâ,2
Blue,2
Mozzarella,2
‡∏™‡∏≤‡∏•‡∏µ‡∏ö‡∏±‡∏ß‡πÅ‡∏î‡∏á,2
‡∏û‡∏£‡∏¥‡∏Å‡∏Ç‡∏µ‡πâ‡∏´‡∏ô‡∏π‡πÅ‡∏î‡∏á‡∏à‡∏¥‡∏ô‡∏î‡∏≤,2
‡∏Å‡πâ‡∏≤‡∏°‡∏õ‡∏π,2
‡πÇ‡∏ã‡∏î‡∏≤‡πÅ‡∏ä‡πà‡πÄ‡∏¢‡πá‡∏ô,2
‡∏ã‡∏≠‡∏™‡πÅ‡∏°‡πá‡∏Å‡∏ã‡∏¥‡∏Å‡∏±‡∏ô,2
Magherita,1
K,1
bok,1
‡∏´‡∏≠‡∏¢‡∏ô‡∏≤‡∏á‡∏£‡∏°‡∏¢‡∏±‡∏Å‡∏©‡πå,1
‡∏ã‡∏≠‡∏™‡∏ï‡πä‡∏≠‡∏î,1
‡πÇ‡∏Ñ‡∏Ç‡∏∏‡∏ô,1
Home,1
‡∏ô‡πâ‡∏≥‡∏û‡∏£‡∏¥‡∏Å‡∏™‡∏π‡∏ï‡∏£,1
Shake,1
‡∏õ‡∏π‡πÄ‡∏™‡∏ß‡∏¢,1
‡∏ó‡πà‡∏ô,1
stock,1
‡πÄ‡∏≠‡∏µ‡∏¢‡∏á,1
Cr,1
‡∏ô‡πà‡∏≠‡∏á‡πÑ‡∏Å‡πà ,1
‡∏Ñ‡∏∑‡∏ô,1
‡∏ã‡∏≠‡∏™‡∏ù‡∏≤‡πÄ‡∏´‡∏•‡∏∑‡∏¥‡∏≠‡∏á,1
‡∏Ñ‡∏£‡∏Å,1
Tonkatsu,1
‡πÑ‡∏Ç‡πà‡∏Ç‡∏¢‡∏µ‡πâ,1
‡∏´‡∏•‡∏ô,1
UFM,1
‡πÇ‡∏ó‡∏ô,1
‡πÄ‡∏õ‡πá‡∏îmk,1
diced,1
‡∏Å‡∏∏‡πâ‡∏á‡∏ó‡∏∞‡πÄ‡∏•‡πÅ‡∏Å‡∏∞,1
Natto ‡∏ô‡∏±‡∏ï‡πÇ‡∏ï‡∏∞,1
‡πÄ‡∏´‡πá‡∏î‡∏≠‡∏≠‡∏£‡∏¥‡∏à‡∏¥‡∏ô,1
‡∏´‡∏ô‡πà‡∏≠‡πÑ‡∏°‡πâ‡∏≠‡πà‡∏≠‡∏ô,1
‡∏ã‡∏≠‡∏¢‡πÄ‡∏Å‡∏¥‡∏£‡πå‡∏ï,1
‡∏ã‡∏≠‡∏™‡∏ó‡∏á‡∏Ñ‡∏±‡∏ï‡∏™‡∏∂,1
‡∏ú‡∏±‡∏Å‡∏™‡∏•‡∏±‡∏î‡πÄ‡∏Ç‡∏µ‡∏¢‡∏ß,1
amchur,1
‡∏ö‡∏•‡∏π‡πÄ‡∏ö‡∏≠‡∏£‡πå,1
‡πÄ‡∏Ç‡πà‡∏°‡∏Ç‡πâ‡∏ô,1
‡∏ä‡∏µ‡πâ‡∏ü‡πâ‡∏≤,1
‡∏°‡∏∞‡∏Ç‡∏≤‡∏ß,1
Peach,1
‡∏®‡∏£‡∏µ‡∏£‡∏≤‡∏ä‡∏≤,1
‡∏Ç‡πà‡∏≤‡∏™‡πÑ‡∏•‡∏î‡πå,1
‡∏Ç‡πâ‡∏≤‡∏ß‡∏´‡∏°‡∏≤‡∏Å,1
‡πÅ‡∏Å‡∏á‡πÅ‡∏î‡∏á,1
‡πÄ‡∏≠‡πá‡∏ô‡πÑ‡∏Å‡πà,1
‡∏™‡∏•‡∏∏‡∏á,1
‡∏´‡∏ô‡πà‡∏≠‡πÑ‡∏°‡πâ‡∏™‡∏î‡∏ã‡∏≠‡∏¢,1
‡πÅ‡∏Å‡πâ‡∏ß‡∏°‡∏±‡∏á‡∏Å‡∏£,1
‡πÅ‡∏Å‡∏á‡πÄ‡∏Ç‡∏µ‡∏¢‡∏ß‡∏´‡∏ß‡∏≤‡∏ô,1
‡∏°‡∏∞‡∏£‡∏∞‡∏ã‡∏≠‡∏¢,1
lamb,1
‡∏ä‡πá‡∏≠‡∏Å‡πÇ‡∏Å‡πÅ‡∏•‡∏ï‡∏ô‡∏±‡∏ó‡∏ï‡∏µ‡πâ,1
-‡∏ó‡∏≠‡∏î,1
Stuff,1
‡∏û‡∏µ,1
‡∏û‡∏±‡∏ô,1
‡∏ö‡∏±‡∏ß‡∏´‡∏•‡∏ß‡∏á‡∏ã‡∏≠‡∏¢,1
‡∏≠‡∏≤‡∏£‡∏¥‡∏Å‡∏≤‡πÇ‡∏ô,1
‡∏ã‡∏≠‡∏™‡∏û‡∏£‡∏¥‡∏Å‡πÄ‡∏ú‡∏≤,1
‡∏ô‡πâ‡∏≥‡πÅ‡∏à‡πà‡∏ß,1
‡πÇ‡∏≠‡πâ‡∏ï,1
‡πÅ‡∏Ñ‡∏ô‡∏ï‡∏≤‡∏•‡∏π‡∏õ,1
‡∏û‡∏£‡∏¥‡∏Å‡πÅ‡∏Å‡∏á‡∏â‡∏π‡∏â‡∏µ‡πà,1
‡∏û‡∏∏‡∏î,1
‡∏ú‡∏±‡∏Å‡πÇ‡∏Ç‡∏°‡∏à‡∏µ‡∏ô,1
walnuts,1
Pork,1
‡∏ä‡∏¥‡∏ô‡∏ô‡∏≤‡∏°‡∏≠‡∏ô,1
‡∏ú‡∏±‡∏Å ‡∏ú‡∏•‡πÑ‡∏°‡πâ,1
‡∏ä‡∏≠‡∏Ñ‡πÇ‡∏Å‡πÅ‡∏•‡∏ï‡∏ã‡∏≠‡∏™,1
‡∏ã‡∏≠‡∏¢‡πÇ‡∏£‡∏¢,1
‡πÄ‡∏ö‡∏≠‡∏£‡πå‡∏£‡∏µ‡πà,1
‡πÇ‡∏ã‡πÄ‡∏°‡πá‡∏á,1
‡∏≠‡∏∏‡πâ‡∏á,1
‡∏´‡∏±‡∏ß‡∏´‡∏≠‡∏°‡πÉ‡∏´‡∏ç‡πà,1
Worcester,1
‡∏ó‡∏µ‡πà‡∏™‡∏∏‡∏î,1
Áü≥,1
‡∏°‡∏∞‡∏°‡πà‡∏ß‡∏á‡πÅ‡∏Å‡πâ‡∏ß‡∏™‡∏∏‡∏Å,1
‡πÄ‡∏Å‡∏µ‡∏¢‡∏°‡∏â‡πà‡∏≤‡∏¢,1
peach,1
‡∏≠‡∏∞‡πÇ‡∏ß‡∏Ñ‡∏≤‡πÇ‡∏î‡∏™‡∏∏‡∏Å,1
‡∏î‡πâ‡∏≤‡∏ô,1
‡∏ö‡∏±‡∏ß‡∏™‡∏î,1
‡πÅ‡∏õ‡πâ‡∏á‡∏ã‡∏π‡∏à‡∏µ,1
",1
‡∏™‡∏≤‡∏£‡∏∞,1
üç≥,1
‡∏ô‡∏¥‡∏ß‡∏ã‡∏µ‡πÅ‡∏•‡∏ô‡∏î‡πå,1
‡∏™‡∏∏‡∏Å‡∏µ‡πâ‡∏Å‡∏ß‡∏≤‡∏á‡∏ï‡∏∏‡πâ‡∏á,1
‡πÇ‡∏î,1
‡∏ú‡πà‡∏≤‡∏ô,1
egg,1
Hezelnut,1
‡∏°‡∏∞‡∏Å‡∏∞‡πÇ‡∏£‡∏ô‡∏µ‡∏ï‡πâ‡∏°,1
‡∏°‡∏∞‡∏Ç‡∏≤‡∏°‡∏≠‡πà‡∏≠‡∏ô,1
‡∏Ç‡πâ‡∏≤‡∏ß‡πÄ‡∏¢‡πá‡∏ô,1
‡∏ó‡∏≠‡∏á‡∏õ‡∏≠‡∏Å,1
‡∏û‡∏£‡∏¥‡∏Å‡∏™‡∏î‡∏ö‡∏î,1
‡∏ú‡∏±‡∏Å‡∏Å‡∏£‡∏±‡∏ô‡∏Ñ‡∏≠‡∏™,1
‡πÅ‡∏õ‡πâ‡∏á‡πÇ‡∏Æ‡∏•,1
‡∏û‡∏£‡∏¥‡∏Å‡πÑ‡∏ó‡∏õ‡πà‡∏ô‡∏Ç‡∏≤‡∏ß,1
‡∏´‡∏ô‡πà‡∏≠‡∏¢,1
‡πÑ‡∏ä‡πÇ‡∏õ‡πâ‡∏ß‡∏´‡∏±‡πà‡∏ô,1
‡∏û‡∏£‡∏¥‡∏Å‡∏Ñ‡∏≤‡∏£‡πå‡πÄ‡∏¢‡∏ô,1
‡∏¢‡∏µ‡∏™‡∏ï‡πå‡∏´‡∏ß‡∏≤‡∏ô,1
‡πÄ‡∏´‡∏•‡πâ‡∏≤‡∏™‡∏≤‡πÄ‡∏Å,1
‡∏ã‡∏≠‡∏™‡∏ï‡∏£‡∏≤‡∏´‡∏ô‡∏∏‡∏°‡∏≤‡∏ô,1
‡∏õ‡∏π‡∏ô‡∏≤,1
Tata,1
‡πÄ‡∏´‡πá‡∏î‡∏´‡∏π‡∏´‡∏ô‡∏π‡∏ã‡∏≠‡∏¢,1
‡∏ú‡∏±‡∏Å‡πÇ‡∏Ç‡∏°‡∏´‡∏±‡πà‡∏ô,1
‡∏Å‡∏¥‡πÇ‡∏•‡∏Å‡∏ß‡πà‡∏≤,1
‡∏ã‡∏¥‡∏ô‡∏ô‡πà‡∏≤,1
‡∏ï‡πâ‡∏°‡∏â‡∏µ‡∏Å,1
S.P,1
Heaven,1
‡πÅ‡∏õ‡∏£,1
‡∏´‡∏°‡∏≤‡∏•‡πà‡∏≤,1
‡∏•‡∏π‡∏Å‡πÄ‡∏Å‡∏ï‡∏∏,1
‡∏ä‡∏≤‡∏à‡∏µ‡∏ô,1
‡∏ú‡∏±‡∏Å‡∏™‡∏î ,1
‡∏ô‡πâ‡∏≥‡∏•‡∏≠‡∏¢,1
‡∏´‡∏±‡πà‡∏ô‡πÅ‡∏ß‡πà‡∏ô,1
aged,1
White,1
‡πÄ‡∏´‡πá‡∏î‡πÇ‡∏Ñ‡∏ô‡∏ï‡πâ‡∏°‡∏™‡∏∏‡∏Å,1
‡∏´‡∏°‡∏π‡∏ù‡∏≠‡∏¢,1
‡∏≠‡∏Å‡πÑ‡∏Å‡πà‡∏≠‡∏ö,1
‡πÑ‡∏â‡πâ‡πÄ‡∏ó‡πä‡∏≤,1
‡∏ô‡πâ‡∏≥‡∏ï‡πâ‡∏°‡∏û‡∏≤‡∏™‡∏ï‡πâ‡∏≤,1
‡πÄ‡∏≠‡∏Å‡∏ô‡∏Å‡∏õ‡∏£‡∏∞‡∏™‡∏á‡∏Ñ‡πå,1
‡∏≠‡∏Å‡∏•‡∏≠‡∏Å‡∏´‡∏ô‡∏±‡∏á,1
‡∏•‡∏¥‡πâ‡∏ô,1
‡πÄ‡∏ã‡∏µ‡πà‡∏¢‡∏á,1
‡∏ú‡∏±‡∏Å‡∏Å‡∏∞‡πÄ‡∏â‡∏î,1
Lemon,1
Equal,1
me,1
‡∏Å‡∏≤‡∏î‡∏´‡∏≠‡∏°,1
‡πÑ‡∏™‡πâ‡πÄ‡∏à,1
‡∏´‡∏≠‡∏¢‡∏´‡∏ß‡∏≤‡∏ô,1
‡∏´‡∏ô‡πà‡∏≠‡πÑ‡∏°‡πâ‡∏ï‡πâ‡∏°‡∏ã‡∏≠‡∏¢‡∏ù‡∏≠‡∏¢,1
‡πÑ‡∏Å‡πà‡∏™‡∏∞‡πÇ‡∏û‡∏Å,1
‡∏™‡∏Å‡∏±‡∏î,1
25,1
‡∏û‡∏≤‡∏£‡πå‡∏™‡πÄ‡∏•‡∏¢‡πå,1
Crumble,1
‡∏ß‡∏π‡∏™‡πÄ‡∏ï‡∏≠‡∏£‡πå‡∏ã‡∏≠‡∏™,1
Wine,1
‡πâ‡∏ô‡πâ‡∏≥,1
‡πÅ‡∏Å‡∏™,1
‡∏ú‡∏±‡∏Å‡∏™‡∏•‡∏±‡∏î‡πÄ‡∏£‡∏î,1
‡πÅ‡∏°‡∏á‡πÄ‡∏•‡πá‡∏Å,1
‡∏Ñ‡∏∞‡∏ô‡πâ‡∏≤‡∏•‡∏ß‡∏Å,1
‡∏ã‡∏≠‡∏™‡πÇ‡∏ã‡∏¢‡∏∏,1
üç†,1
‡∏ó‡∏¥‡∏ä‡∏ä‡∏π,1
‡πÇ‡∏´‡πà‡∏™‡∏∏‡∏Å,1
‡∏õ‡∏≤‡∏Å,1
‡∏ñ‡∏±‡πà‡∏ß‡∏õ‡πà‡∏ô,1
‡∏≠‡∏≠‡∏ô‡πÄ‡∏ã‡πá‡∏ô,1
‡∏ô‡∏°‡πÄ‡∏¢‡πá‡∏ô,1
‡∏ú‡∏±‡∏Å‡∏î‡∏≠‡∏á‡∏´‡∏±‡πà‡∏ô‡∏ù‡∏≠‡∏¢,1
‡∏Ç‡∏¥‡∏á‡∏ö‡∏î,1
‡∏ô‡∏π‡πÄ‡∏ó‡∏•‡∏•‡πà‡∏≤,1
‡∏ô‡∏≥‡∏ä‡∏±‡∏¢,1
‡∏õ‡∏£‡∏∞‡∏ò‡∏≤‡∏ô,1
‡πÅ‡∏ï‡∏á‡πÇ‡∏°‡πÅ‡∏ä‡πà‡πÅ‡∏Ç‡πá‡∏á,1
‡∏ñ‡∏±‡πà‡∏ß‡∏ó‡∏≠‡∏á‡∏ï‡πâ‡∏°‡∏™‡∏∏‡∏Å,1
‡∏û‡∏£‡πà‡∏≠‡∏á,1
‡∏Å‡∏£‡∏∞‡∏î‡∏≠‡∏á,1
Prego,1
‡πÑ‡∏ä‡πÇ‡∏õ‡πâ‡∏ß,1
Rocket,1
‡∏õ‡∏•‡∏≤‡∏õ‡πà‡∏ô,1
‡∏û‡∏£‡∏¥‡∏Å‡∏ä‡∏µ‡πâ‡∏ü‡πâ‡∏≤‡πÉ‡∏´‡∏ç‡πà,1
‡∏£‡∏™‡∏î‡∏µ‡πÑ‡∏Å‡πà,1
‡∏ä‡∏≤‡∏û‡∏µ‡∏ä,1
‡πÑ‡∏™‡πâ‡πÄ‡∏Å‡∏µ‡πä‡∏¢‡∏ß,1
‡∏ï‡∏∞‡πÉ‡∏Ñ‡∏£‡πâ,1
‡πÄ‡∏ô‡πâ‡∏ô,1
‡πÄ‡∏´‡∏•‡πá‡∏Å,1
‡∏ä‡∏¥‡πÄ‡∏°‡∏à‡∏¥,1
‡∏õ‡∏•‡∏≤‡∏•‡∏±‡∏°‡∏ü‡∏¥‡∏ä,1
‡πÉ‡∏ö‡∏õ‡∏≠,1
‡∏¢‡∏±‡∏Å‡∏©‡πå,1
‡∏ô‡πâ‡∏≥‡πÄ‡∏ä‡∏∑‡πà‡∏¥‡∏≠‡∏°,1
Lime,1
‡∏°‡∏∞‡∏õ‡∏£‡∏≤‡∏á,1
‡∏ä‡πâ‡∏≠‡∏ï‡πÄ‡∏ó‡∏ô‡∏ô‡∏¥‡πà‡∏á,1
‡∏™‡∏õ‡∏≤‡∏ï‡πâ‡∏°,1
‡∏ã‡∏≠‡∏™‡∏ö‡∏≤‡∏£‡πå‡∏ö‡∏µ‡∏Ñ‡∏¥‡∏ß‡πÑ‡∏Æ‡∏ô‡πå,1
Mentaiko,1
‡πÄ‡∏û‡πÄ‡∏ô‡πà‡∏•‡∏ß‡∏Å,1
‡∏≠‡∏Å‡πÑ‡∏Å‡πà‡πÅ‡∏•‡πà‡∏´‡∏°‡∏±‡∏Å,1
‡πÑ‡∏ß‡∏ó‡πå,1
‡∏™‡πâ‡∏°‡∏ï‡∏£‡∏≤‡∏£‡∏™‡∏î‡∏µ,1
Devil,1
TGM,1
‡∏Ç‡∏≤‡∏î,1
‡πÇ‡∏Å‡πÅ‡∏•‡∏ï,1
‡∏ó‡∏≤‡∏ö‡∏≤‡∏™‡πÇ‡∏Å‡πâ‡∏™‡∏π‡∏ï‡∏£,1
‡∏Ç‡∏°‡∏¥‡πâ‡∏ô‡∏¢‡∏≤‡∏ß,1
‡∏£‡∏±‡∏á,1
‡∏≠,1
‡πÄ‡∏à‡∏•‡πÅ‡∏Æ‡∏£‡πå,1
fra,1
edamame,1
‡πÄ‡∏û‡∏£‡∏≤‡∏∞,1
‡πÄ‡∏ö‡∏ö‡∏µ‡πâ‡πÅ‡∏Ñ‡∏£‡∏≠‡∏ó,1
Mc,1
‡πÇ‡∏´‡∏£‡∏†‡∏≤‡∏´‡∏±‡πà‡∏ô‡∏ù‡∏≠‡∏¢,1
‡∏ä‡πà‡∏≠,1
‡πÄ‡∏≠‡πÅ‡∏Ñ‡∏•‡∏£‡πå,1
‡πÅ‡∏ä‡πà‡∏ô‡πâ‡∏≥‡∏´‡∏±‡πà‡∏ô,1
‡∏û‡∏£‡∏¥‡∏Å‡∏ä‡∏µ‡πâ‡∏ü‡πâ‡∏≤‡πÅ‡∏î‡∏á ,1
5‡∏™‡∏µ,1
‡∏Ç‡πâ‡∏≤‡∏ß‡πÄ‡∏´‡∏ô‡∏µ‡∏¢‡∏ß‡∏°‡∏π‡∏ô,1
cider,1
‡∏ï‡∏∞‡πÑ‡∏Ñ‡πâ,1
üí¶,1
‡πÇ‡∏ã‡πÄ‡∏î‡∏µ‡πà‡∏¢‡∏°,1
‡∏™‡πç‡∏≤‡πÄ‡∏£‡πá‡∏à‡∏£‡∏π‡∏õ,1
‡∏ß‡∏±‡∏ß‡∏ö‡∏î‡∏ï‡∏¥‡∏î,1
‡πÅ‡∏´‡∏ô‡∏°‡∏´‡∏°‡πâ‡∏≠,1
‡∏î‡∏≠‡∏á‡∏™‡∏±‡∏ö,1
‡πÅ‡∏•‡πà,1
‡∏û‡∏≠‡∏ô‡∏ã‡∏∂,1
‡∏ú‡∏±‡∏Å‡πÄ‡∏Ñ‡∏£‡∏∑‡∏≠‡∏á‡πÄ‡∏Ñ‡∏µ‡∏¢‡∏á,1
Basmati,1
‡∏ï‡∏∞‡πÑ‡∏Ñ‡∏£‡πâ‡∏ö‡∏∏,1
‡πÄ‡∏Ç‡πà‡∏á,1
‡∏ù‡∏±‡∏Å‡∏ó‡∏≠‡∏á,1
‡∏´‡∏±‡πà‡∏ô‡πÄ‡∏õ‡πá‡∏ô,1
‡πÇ‡∏ó‡∏£‡∏¥‡∏Ñ‡∏±‡∏ï‡∏™‡∏∂,1
‡∏´‡∏±‡πà‡∏ô‡∏û‡∏≠‡∏î‡∏µ,1
‡πÄ‡∏î‡πá‡∏Å,1
‡∏ú‡∏±‡∏Å‡∏™‡∏î+,1
‡∏ó‡∏¥‡∏ä‡∏ä‡∏π‡πà‡∏ã‡∏±‡∏ö,1
‡∏°‡∏∞‡πÄ‡∏Ç‡∏∑‡∏≠‡πÄ‡∏ó‡∏®‡∏û‡∏±‡∏ô‡∏ò‡πå,1
Milk,1
‡πÄ‡∏õ‡∏•‡πà‡∏≤,1
‡πÅ‡∏ï‡∏á‡∏Å‡∏ß‡∏≤‡∏™‡πÑ‡∏•‡∏î‡πå,1
320,1
‡πÄ‡∏Ñ‡∏£‡∏∑‡πà‡∏≠‡∏á‡πÅ‡∏Å‡∏á‡∏Å‡∏∞‡∏´‡∏£‡∏µ‡πà,1
‡∏ä‡∏°‡∏û‡∏π‡πà,1
‡∏ã‡∏≠‡∏™‡∏ï‡∏≤‡∏°,1
‡∏¢‡∏¥‡∏õ‡∏ã‡∏±‡πà‡∏°,1
‡∏û‡∏£‡∏¥‡∏Å‡πÅ‡∏î‡∏á‡∏à‡∏¥‡∏ô‡∏î‡∏≤‡∏ã‡∏≠‡∏¢‡∏•‡∏∞‡πÄ‡∏≠‡∏µ‡∏¢‡∏î,1
‡∏ó‡∏±‡∏á,1
‡∏ö‡∏£‡πá‡∏≠‡∏Å‡πÇ‡∏Ñ‡∏•‡∏µ‡πà,1
‡∏û‡∏£‡∏¥‡∏Å‡πÑ‡∏ó‡∏£‡∏ß‡∏°,1
‡∏™‡πâ‡∏°‡∏™‡∏≤‡∏¢‡∏ä‡∏π,1
‡∏û‡∏•‡∏±‡∏™ ‡∏°‡∏≤‡∏ã‡∏≤‡∏•‡∏≤,1
‡∏ô‡πâ‡∏≥‡πÄ‡∏ú‡∏≤,1
methidana,1
‡∏£‡πà‡∏ß‡∏ô,1
‡∏û‡∏≤‡∏£‡πå‡∏™‡∏•‡∏µ‡πà‡∏¢‡πå,1
‡∏ô‡∏¥‡∏ß‡∏≠‡∏≠‡∏£‡πå‡∏•‡∏µ‡∏ô‡∏™‡πå,1
‡πÉ‡∏ö‡∏°‡∏∞‡∏Å‡∏≠‡∏Å,1
‡∏î‡∏≠‡∏Å‡∏Å‡∏∞‡∏ß‡∏≤‡∏ô,1
‡∏ã‡∏≠‡∏™‡∏´‡∏°‡πà‡∏≤‡∏•‡πà‡∏≤,1
‡∏°‡∏±‡∏ô‡∏°‡πà‡∏ß‡∏á,1
‡∏™‡πâ‡∏°‡∏™‡∏î,1
‡∏°‡∏≠‡∏•‡∏ï‡πå,1
‡∏ã‡∏µ‡∏ã‡∏±‡∏ô‡∏ô‡∏¥‡πà‡∏á,1
morinaga,1
ü•õ,1
Ceylon,1
‡∏™‡∏±‡∏ö‡∏ï‡∏¥‡∏î,1
‡∏ä‡∏¥‡πÇ‡∏™‡∏∞,1
‡πÅ‡∏Ç‡∏ô‡∏á,1
‡∏û‡∏ß‡∏á‡∏ä‡∏°‡∏û‡∏π,1
Toffee,1
‡πÑ‡∏Å,1
‡πÇ‡∏´‡∏£‡∏∞,1
‡∏ã‡∏µ‡πà‡∏≠‡∏¥‡πâ‡∏ß‡∏Ç‡∏≤‡∏ß,1
12,1
‡∏ã‡∏π‡∏ä‡∏¥,1
‡∏•‡∏π‡∏Å‡∏´‡∏•‡∏∏‡∏°‡∏û‡∏µ‡∏î‡∏≠‡∏á,1
‡∏ï‡∏±‡∏ô‡∏´‡∏≠‡∏°,1
‡∏ã‡∏≠‡∏á‡πÅ‡∏î‡∏á,1
cashew,1
‡∏´‡∏±‡πà‡∏ô‡πÅ‡∏ó‡πà‡∏á,1
‡∏ô‡πâ‡∏≥‡∏∞‡∏≠‡∏≤‡∏î,1
‡∏Å‡∏•‡∏µ‡∏ö,1
msg,1
‡∏Å‡∏•‡∏¥‡πà‡∏ô‡πÅ‡∏ï‡∏á‡πÇ‡∏°,1
‡∏ï‡∏£‡∏≤‡∏´‡∏á‡∏©‡πå‡∏Ç‡∏≤‡∏ß,1
‡∏¢‡∏≠,1
‡∏£‡∏ß‡∏ô‡∏´‡∏ß‡∏≤‡∏ô,1
‡∏Ç‡πâ‡∏≤‡∏ß‡∏Ç‡∏≤‡∏ß,1
‡∏•‡∏¥‡πâ‡∏ô‡∏´‡∏°‡∏π,1
grapes,1
‡∏ã‡∏≠‡∏™‡πÇ‡∏ä‡∏¢‡∏∏‡∏ç‡∏µ‡πà‡∏õ‡∏∏‡πà‡∏ô,1
‡πÅ‡∏≠‡∏á,1
Taco,1
‡∏ó‡πâ‡∏≠‡∏õ‡∏õ‡∏¥‡πâ‡∏á,1
‡∏Å‡πã‡∏ß‡∏¢,1
‡πÄ‡∏Å‡∏µ‡πâ‡∏¢‡∏ß,1
Chana,1
W,1
‡∏ú‡∏±‡∏Å‡πÄ‡∏Å‡∏µ‡πä‡∏¢‡∏°,1
‡πÅ‡∏õ‡πâ‡∏á‡∏û‡∏¥‡∏ã‡∏ã‡πà‡∏≤,1
‡∏Å‡∏£‡∏∞‡∏ó‡∏¥‡∏™‡∏≥‡πÄ‡∏£‡πá‡∏à,1
‡∏Ç‡∏π‡∏î‡∏ù‡∏≠‡∏¢,1
‡∏à‡∏≤‡πÄ‡∏•‡∏ö‡∏µ‡πâ,1
‡πÄ‡∏´‡πá‡∏î‡∏†‡∏π‡∏ê‡∏≤‡∏ô,1
prego,1
‡∏¢‡∏≤‡∏á‡∏ß‡∏á,1
‡∏ã‡∏≠‡∏™‡πÄ‡∏û‡∏™‡πÇ‡∏ï‡πâ,1
‡πÑ‡∏ï,1
‡∏à‡∏¥‡∏™‡∏±‡∏ö,1
‡∏õ‡∏•‡∏≤‡∏â‡∏¥‡∏á‡∏â‡∏≤‡∏á,1
whole,1
‡∏ß‡∏µ‡∏ó,1
‡πÄ‡∏Ñ‡∏µ‡∏¢‡∏ß‡∏£‡∏¥,1
La,1
‡∏£‡∏™‡∏™,1
‡∏ï‡πä‡∏≠‡∏Å‡∏ö‡∏Å‡∏Å‡∏µ,1
‡∏ó‡∏≤‡∏Å‡∏£‡∏∞‡∏ó‡∏∞,1
‡∏ô‡πâ‡∏≥‡∏™‡πâ‡∏°‡∏°‡∏∞‡∏Ç‡∏≤‡∏°,1
‡∏û‡∏£‡∏¥‡∏Å‡∏¢‡∏±‡∏Å‡∏©‡πå‡πÄ‡∏Ç‡∏µ‡∏¢‡∏ß,1
‡∏ú‡∏±‡∏Å‡∏ä‡∏∏‡∏á‡∏â‡πà‡∏≤‡∏¢,1
‡πÇ‡∏ä‡∏¢‡∏∏‡∏ç‡∏µ‡πà‡∏õ‡∏∏‡πà‡∏ô,1
I,1
‡∏ô‡πâ‡∏≥‡πÄ‡∏Ç‡∏µ‡∏¢‡∏ß,1
‡∏Ñ‡∏¥‡∏ô‡∏∏,1
‡πÑ‡∏î‡πà,1
‡∏ó‡πá‡∏≠‡∏õ,1
‡∏Å‡∏á,1
‡∏™‡∏≤‡∏ß,1
 ‡πÉ‡∏ö‡∏°‡∏∞‡∏Å‡∏π‡∏î,1
‡πÄ‡∏™‡∏£‡∏¥‡∏ü,1
‡∏ö‡∏π‡∏î‡∏π,1
‡∏™‡∏õ‡∏≤,1
‡∏ï‡πâ‡∏°‡∏´‡∏±‡πà‡∏ô,1
‡∏ô‡πâ‡∏≥‡∏¢‡πâ‡∏≠‡∏¢,1
‡∏û‡∏£‡∏¥‡∏Å‡∏Ñ‡∏±‡πà‡∏ß‡∏õ‡πà‡∏ô,1
‡∏ö‡∏£‡∏≠‡∏Ñ‡πÇ‡∏Ñ‡∏•‡∏µ‡πà,1
WC,1
‡∏´‡∏≠‡∏°‡πÅ‡∏î‡∏á‡πÄ‡∏à‡∏µ‡∏¢‡∏°,1
‡πÄ‡∏ü‡∏£‡∏ô‡∏ü‡∏£‡∏≤‡∏¢,1
‡∏≠‡∏≠‡∏°‡∏∏‡∏Å,1
‡∏™‡∏•‡∏±‡∏î‡πÑ‡∏Å‡πà,1
‡∏™‡∏µ‡πÜ,1
‡∏°‡∏∞‡πÄ‡∏Ç‡∏∑‡∏¥‡∏≠‡∏™‡∏µ‡∏î‡∏≤‡πÅ‡∏î‡∏á,1
‡∏ú‡∏±‡∏Å‡∏ö‡∏∏‡πâ‡∏á‡∏•‡∏ß‡∏Å,1
‡πÄ‡∏™‡πâ‡∏ô‡∏ö‡∏≤‡∏á,1
‡πÇ‡∏≠‡∏£‡∏¥‡∏Å‡∏≤‡πÇ‡∏ô,1
‡πÄ‡∏ô‡∏∑‡πâ‡∏≠‡∏ï‡∏≤‡∏•,1
‡∏û‡∏ß‡∏á‡πÑ‡∏Ç‡πà,1
‡∏Ç‡πâ‡∏≤‡∏ß‡∏ñ‡∏∏‡∏á,1
‡πÅ‡∏û+,1
‡πÑ‡∏ã‡πÄ‡∏î‡∏≠‡∏£‡πå,1
‡πÇ‡∏Ñ‡∏Ç‡∏∏‡∏ô‡∏™‡∏±‡∏ö,1
‡∏™‡πâ‡∏°‡πÄ‡∏Ç‡∏µ‡∏¢‡∏ß‡∏´‡∏ß‡∏≤‡∏ô,1
‡∏à‡∏±‡∏ô‡∏ó‡∏ô‡πå,1
Mild,1
‡∏Å‡∏±‡∏Å,1
‡∏Å‡∏∏‡πâ‡∏ô‡∏â‡πà‡∏≤‡∏¢,1
‡∏ô‡πà‡∏≥,1
Perfect,1
‡∏Å‡∏∏‡πâ‡∏¢‡πÑ‡∏ä‡πà,1
‡∏ö‡∏•‡∏π‡∏Æ‡∏≤‡∏ß‡∏≤‡∏¢,1
‡∏õ‡∏∏‡∏á‡∏£‡∏™,1
shoyu,1
pulp,1
‡∏ñ‡∏±‡πà‡∏ß‡∏Å‡∏ß‡∏ô,1
-Yu,1
‡∏ü‡∏¥‡∏•‡∏•‡∏¥‡πà‡∏á‡∏£‡∏™,1
ËÜè,1
Shao,1
‡πÄ‡∏ï‡∏≤,1
‡πÅ‡∏Å‡∏ß‡∏´‡∏±‡πà‡∏ô‡πÄ‡∏ï‡πã‡∏≤,1
‡∏ô‡πâ‡∏≥‡πÅ‡∏Å‡∏á,1
‡∏°‡∏±‡∏ô‡πÉ‡∏ï‡πâ,1
‡∏Å‡∏∞‡πÄ‡∏û‡∏£‡∏≤‡∏Å‡∏£‡∏≠‡∏ö,1
‡πÄ‡∏Å‡∏µ‡πâ‡∏¢‡∏°‡∏≠‡∏µ‡πã,1
‡∏ï‡πà‡∏ô,1
‡πÄ‡∏Ç‡πá‡∏°,1
‡∏ã‡∏µ‡∏≠‡∏¥‡πä‡∏ß‡∏õ‡∏£‡∏∏‡∏á‡∏£‡∏™,1
‡∏Å‡∏£‡∏µ‡∏ô‡πÇ‡∏≠‡πä‡∏ï,1
‡∏ô‡∏°‡∏Å‡∏•‡πà‡∏≠‡∏á,1
Dried,1
‡∏û‡∏£‡∏¥‡∏Å‡∏Ç‡∏µ‡πâ‡∏´‡∏ô‡∏π‡∏∏,1
20,1
‡∏Ñ‡∏≠‡∏•‡∏•‡∏≤‡πÄ‡∏à‡∏ô,1
Roasted,1
‡∏™‡∏±‡∏ö‡∏õ‡∏∞‡∏∞‡∏£‡∏î,1
‡πÇ‡∏Æ‡∏•‡∏ß‡∏µ‡∏ó,1
‡πÑ‡∏°‡πÇ‡∏•‡πÅ‡∏ó‡πà‡∏á,1
‡∏û‡∏£‡∏¥‡∏Å‡πÄ‡∏Ç‡∏µ‡∏¢‡∏ß‡∏à‡∏¥‡∏ô‡∏î‡∏≤,1
‡∏õ‡∏±‡∏ï‡∏ï‡∏≤‡πÄ‡∏ß‡∏µ‡∏¢,1
‡∏ã‡∏≤‡∏ß,1
No,1
‡∏ï‡∏£‡∏≤‡πÇ‡∏•‡πÇ‡∏ö,1
‡πÅ‡∏Å‡∏á‡∏´‡∏±‡πà‡∏ô,1
 ‡∏£‡∏≤‡∏™‡πÄ‡∏ö‡∏≠‡∏£‡∏µ‡πà,1
‡∏≠‡∏¢,1
‡∏Ñ‡∏ß‡∏±‡∏Å‡πÑ‡∏™‡πâ,1
‡∏ã‡∏∏‡∏õ‡∏õ‡∏•‡∏≤‡∏Ñ‡∏±‡∏ï‡∏™‡∏∂‡πÇ‡∏≠‡∏∞,1
‡∏î‡∏≤‡∏£‡πå‡∏Å‡∏ä‡πá‡∏≠‡∏Å,1
‡∏î‡∏ß‡∏á,1
‡∏î‡∏≠‡∏Å‡∏Ñ‡∏≥‡∏ù‡∏≠‡∏¢,1
oats,1
‡πÄ‡∏Å‡∏≤‡∏•‡∏±‡∏î,1
‡∏û‡∏£‡∏¥‡∏Å‡πÅ‡∏Å‡∏á‡πÄ‡∏à,1
‡πÅ‡∏ú‡πà‡∏ô‡∏£‡∏™‡∏ß‡∏≤‡∏ã‡∏≤‡∏ö‡∏¥,1
‡πÄ‡∏´‡πá‡∏î‡∏≠‡∏≠‡∏£‡∏¥‡∏ô‡∏à‡∏¥‡πÑ‡∏ã‡∏™‡πå,1
‡∏î‡∏≠‡∏Å‡πÑ‡∏°‡πâ,1
‡∏õ‡∏£‡∏∏‡∏á‡∏£‡∏™‡∏™‡∏π‡∏ï‡∏£‡πÄ‡∏à,1
‡∏™‡∏∂‡∏ö‡∏∞,1
‡∏ú‡∏±‡∏Å‡πÑ‡∏ä‡∏¢‡∏≤,1
‡πÄ‡∏û‡∏¥‡πà‡∏°‡∏™‡∏µ,1
‡πÄ‡∏õ‡πã‡∏≤‡∏Æ‡∏∑‡πâ‡∏≠,1
‡∏´‡∏ç‡πâ‡∏≤‡∏´‡∏ß‡∏≤‡∏ô,1
‡∏´‡∏°‡∏≠,1
‡∏ó‡∏≠‡∏õ‡πÄ‡∏ö‡∏≠‡πÇ‡∏£‡∏ô,1
‡πÄ‡∏Ñ‡πâ‡∏Å‡πÄ‡∏ú‡∏∑‡∏≠‡∏Å,1
‡∏≠‡∏Å‡πÑ‡∏Å‡πà‡∏™‡πÑ‡∏•‡∏î‡πå,1
‡∏ô‡∏î‡∏™‡∏î,1
‡∏´‡∏ô‡πà‡∏≠‡πÑ‡∏°‡πâ‡∏´‡∏±‡πà‡∏ô,1
‡∏´‡∏ô‡πâ‡∏≤‡πÄ‡∏Ñ‡πâ‡∏Å,1
‡πÄ‡∏ô‡∏∑‡πâ‡∏≠‡πÄ‡∏™‡∏≤‡∏ß‡∏£‡∏™,1
‡∏ï‡∏£‡∏≤ ,1
‡∏ö‡∏¥‡∏™‡∏Å‡∏¥‡∏ï,1
‡∏û‡∏£‡∏¥‡∏Å‡∏à‡∏¥‡∏ô‡∏î‡∏≤‡πÅ‡∏î‡∏á‡∏ã‡∏≠‡∏¢,1
‡∏ä‡∏µ‡∏≠‡∏¥‡πâ‡∏ß‡∏Ç‡∏≤‡∏ß,1
‡∏û‡∏•‡∏≤‡∏™‡∏ï‡∏¥‡∏Å,1
‡πÇ‡∏≠‡∏•‡∏µ‡∏ü‡∏≠‡∏≠‡∏¢,1
‡∏•‡∏∞‡∏•‡∏≤‡∏¢‡πÄ‡∏à‡∏µ‡∏¢‡∏∞‡∏Å‡∏≠,1
‡∏°‡∏¥‡∏ï,1
‡πÄ‡∏´‡πá‡∏°,1
Broccoli,1
‡πÄ‡∏´‡πá‡∏î‡∏™‡∏î,1
‡πÑ‡∏ä‡πÇ‡∏õ‡πâ‡∏ß‡∏´‡∏ß‡∏≤‡∏ô,1
‡∏ú‡∏±‡∏Å‡∏Å‡∏≤‡∏Å‡∏Ç‡∏≤‡∏ß,1
Quick,1
Paprika,1
‡∏Å‡∏•‡πâ‡∏ß‡∏ô‡πâ‡∏≥,1
‡∏°‡∏∏‡∏Å,1
‡πÑ‡∏¢‡∏≠‡∏ö,1
‡∏ã‡∏≠‡∏™XO‡πÄ‡∏à‡πâ‡∏á‡πâ‡∏≠,1
‡∏ú‡∏±‡∏Å‡∏Å‡∏≤‡∏î‡∏Å‡∏£‡∏∞‡∏õ‡πã‡∏≠‡∏á,1
belly,1
‡∏ñ‡∏±‡πà‡∏ß‡∏Ç‡∏≤‡∏ß,1
‡πÄ‡∏™‡∏ß‡∏¢,1
‡∏û‡∏£‡∏¥‡∏Å‡∏î‡∏≠‡∏á,1
‡πÅ‡∏Ñ‡∏£‡∏∞,1
Pickles,1
‡∏ú‡∏±‡∏Å‡∏ä‡∏ç‡∏≤,1
‡πÇ‡∏≠‡πà‡∏ß‡∏Å‡πâ‡∏ß‡∏¢,1
‡∏°‡∏∞‡∏Å‡∏≠‡∏Å‡∏î‡∏≥,1
‡πÄ‡∏´‡∏ô‡πà,1
‡∏ô‡πâ‡∏≥‡πÇ‡∏ã‡∏î‡∏≤,1
‡∏ó‡∏±‡πâ‡∏á‡∏´‡∏°‡∏î,1
‡∏ã‡∏≠‡∏™‡∏≠‡∏ö,1
‡∏ã‡∏±‡∏ô‡∏Ñ‡∏ß‡∏¥‡∏Å‡∏ù‡∏≤‡πÄ‡∏Ç‡∏µ‡∏¢‡∏ß,1
‡∏≠‡∏∞‡πÇ‡∏ß‡∏Ñ‡∏≤,1
‡∏û‡∏£‡∏¥‡∏Å‡πÑ‡∏ó‡πÇ‡∏Ñ‡∏•‡∏Å‡∏•‡∏∞‡πÄ‡∏≠‡∏µ‡∏¢‡∏î,1
‡πÑ‡∏Ç‡∏°‡∏±‡∏ô,1
tartar,1
Truffle,1
‡∏õ‡∏∞‡∏Å‡∏≤‡∏£‡∏±‡∏á,1
ring,1
‡πÅ‡∏õ‡πâ‡∏á‡πÇ‡∏°‡∏î‡∏¥‡∏ü‡∏≤‡∏¢‡∏î‡πå,1
silken,1
‡∏™‡∏î‡∏Ñ‡∏≤‡∏£‡πå‡πÄ‡∏ô‡∏ä‡∏±‡πà‡∏ô,1
‡πÄ‡∏õ‡∏µ‡∏¢‡∏Å‡∏Ç‡πâ‡∏ô,1
‡∏´‡∏±‡∏ß‡∏õ‡∏•‡∏µ‡∏ã‡∏≠‡∏¢,1
‡πÇ‡∏´‡∏£‡∏†‡∏≤‡πÄ‡∏î‡πá‡∏î,1
‡∏û‡∏£‡∏¥‡∏Å‡πÅ‡∏Å‡∏á‡∏Æ‡∏±‡∏á‡πÄ‡∏•,1
Pepper,1
‡∏´‡∏≠‡∏°‡πÅ‡πÄ‡∏î‡∏á,1
‡∏õ‡∏£‡∏∏‡∏£‡∏á‡∏™,1
‡∏ú‡∏á‡πÄ‡∏à‡∏µ‡∏¢‡∏∞‡∏Å‡∏≠,1
‡∏ã‡∏≠‡∏™‡πÇ‡∏ä‡∏¢‡∏∏,1
‡∏û‡∏£‡∏¥‡∏Å‡∏´‡∏±‡πà‡∏ô‡πÄ‡∏â‡∏µ‡∏¢‡∏á,1
‡πÅ‡∏°‡∏•‡∏á‡∏î‡∏≤‡∏ô‡∏≤,1
‡∏ã‡∏≠‡∏¢‡∏ö‡∏≤‡∏á,1
‡∏Ñ‡πà‡∏≠‡∏ô,1
‡∏ã‡∏≤‡∏•‡πà‡∏≤,1
‡∏Ç‡∏∂‡πâ‡∏´‡∏ô‡∏π,1
üçØ,1
‡∏´‡∏ô‡πà‡∏≠‡πÑ‡∏°‡πâ‡∏•‡∏ß‡∏Å,1
‡∏ä‡πâ‡∏≥,1
6,1
‡∏û‡∏£‡∏¥‡∏Å‡πÄ‡∏Ç‡∏µ‡∏¢‡∏ß‡πÅ‡∏î‡∏á,1
‡∏õ‡∏•‡∏≤‡∏Å‡∏î,1
‡∏Å‡∏≤‡πÇ‡∏ô‡∏•‡πà‡∏≤,1
‡∏´‡πà‡∏≤‡∏°,1
‡∏´‡∏°‡∏µ‡πà‡∏•‡∏ß‡∏Å,1
‡∏ô‡πâ‡∏≥‡∏ï‡πâ‡∏°,1
‡∏ï‡∏≤‡∏ö‡∏õ‡∏µ‡πâ‡∏ö,1
Stand,1
‡∏ä‡∏≤‡∏ö‡∏π‡∏ä‡∏≤‡∏ö‡∏π,1
‡∏î‡∏≠‡∏¢‡∏Ñ‡∏≥,1
‡∏ú‡∏±‡∏Å‡∏ï‡πâ‡∏°‡∏ï‡∏≤‡∏°,1
‡∏´‡∏°‡∏π‡∏Å‡πâ‡∏≠‡∏ô,1
‡∏≠‡∏£‡πå‡∏ú‡∏±‡∏Å,1
‡∏≠‡∏Å‡πÑ‡∏Å‡πà‡πÅ‡∏•‡πà,1
‡∏Å‡∏ö‡∏ô,1
 ‡∏´‡∏±‡πà‡∏ô‡∏û‡∏≠‡∏î‡∏µ,1
‡πÄ‡∏Ç‡∏µ‡πà‡∏¢,1
candied,1
‡πÄ‡∏à‡∏µ‡πâ‡∏¢‡∏ß‡∏î‡∏µ,1
‡πÄ‡∏õ‡πá‡∏î‡∏û‡∏∞‡πÇ‡∏•‡πâ,1
bushi,1
‡πÇ‡∏ó‡∏£‡∏®‡∏±‡∏û‡∏ó‡πå,1
‡∏´‡∏±‡∏ß‡∏õ‡∏•‡∏µ‡πÄ‡∏ú‡∏≤,1
apple,1
‡πÄ‡∏£‡∏µ‡∏¢‡∏ö‡∏£‡πâ‡∏≠‡∏¢,1
Grill,1
‡πÄ‡∏´‡πá‡∏î‡∏´‡∏¥‡∏°‡∏∞,1
‡∏ü‡∏¥‡∏Å‡∏≠‡∏ö,1
‡∏≠‡∏π,1
‡πÅ‡∏Ñ‡∏∞,1
‡πÄ‡∏Ñ‡πâ‡∏≤,1
‡∏´‡∏°‡∏π‡∏õ‡πà‡∏≤,1
‡πÑ‡∏ã‡∏£‡∏±‡∏õ‡∏Ñ‡∏≤‡∏£‡∏≤‡πÄ‡∏°‡∏•,1
Yeast,1
‡∏°‡∏∞‡πÄ‡∏Ç‡∏∑‡∏≠‡∏û‡πà‡∏ß‡∏á,1
‡πÄ‡∏´‡∏ô‡∏µ‡∏¢‡∏ß,1
‡∏™‡∏ß‡∏ô‡∏™‡∏±‡∏ö,1
‡∏≠‡∏±‡∏ô,1
‡πÑ‡∏≠,1
San,1
‡∏õ‡∏•‡∏≤‡∏≠‡∏±‡∏î,1
‚úî,1
somen,1
‡∏ú‡∏±‡∏Å‡∏¢‡∏≠‡∏î‡∏°‡∏∞‡∏£‡∏∞,1
‡πÄ‡∏ß‡πÄ‡∏ü‡∏≠‡∏£‡πå,1
‡∏Å‡∏≥‡∏°‡∏∑‡∏≠,1
grain,1
‡∏ö‡∏µ‡πÄ‡∏•‡∏¥‡∏ü,1
‡∏ö‡∏î‡∏´‡∏¢‡∏≤‡∏ö,1
‡∏´‡∏±‡∏ß‡πÑ‡∏ä‡πÇ‡∏õ‡πä,1
‡∏ï‡∏±‡∏ö‡∏™‡πÑ‡∏•‡∏î‡πå,1
‡πÄ‡∏ú‡∏∑‡∏≠‡∏Å‡∏™‡∏∏‡∏Å,1
‡πÅ‡∏´‡πâ‡∏ß‡∏ã‡∏≠‡∏¢,1
‡∏´‡∏°‡∏≠‡∏ô,1
‡∏ä‡πâ‡∏≠‡∏ô,1
‡πÄ‡∏ô‡∏∑‡πâ‡∏≠‡πÄ‡∏á‡∏≤‡∏∞,1
‡∏ï‡∏£‡∏á,1
‡∏ú‡∏±‡∏Å‡πÄ‡∏ä‡πà‡∏ô,1
‡πÅ‡∏Ñ‡∏£‡∏≠‡∏ó‡∏´‡∏±‡πà‡∏ô‡∏´‡∏ô‡∏≤,1
‡∏™‡∏¥‡∏£‡∏¥‡∏ô‡∏ò‡∏£,1
‡∏Å‡∏µ‡∏ß‡∏µ‡πà‡∏≠‡∏ö,1
‡∏ã‡∏µ‡∏≠‡∏¥‡πä‡∏¢‡∏ß‡∏Ç‡∏≤‡∏ß,1
‡∏ú‡∏±‡∏Å‡∏´‡∏≠‡∏°,1
‡∏ã‡∏π‡∏Å‡∏¥‡∏ô‡∏µ,1
‡∏õ‡∏£‡∏∏‡∏á‡∏£‡∏á,1
‡∏ú‡∏±‡∏Å‡∏Å‡∏£‡∏µ‡∏ô‡πÇ‡∏≠‡πä‡∏Ñ,1
‡∏õ‡∏•‡∏≤‡∏î‡∏≠‡∏£‡πå‡∏•‡∏µ‡πà,1
‡∏Å‡∏≥‡πÉ‡∏´‡∏ç‡πà,1
‡∏•‡∏≠‡∏¢‡πÅ‡∏Å‡πâ‡∏ß,1
Bay,1
‡∏Å‡∏±‡∏á‡∏õ‡πã‡∏ß‡∏¢,1
‡∏´‡∏ô‡∏π‡πÅ‡∏ä‡πà,1
‡πÄ‡∏´‡πá‡∏ô,1
‡∏™‡∏±‡∏á‡πÄ‡∏Ñ‡∏£‡∏≤‡∏´‡πå,1
‡∏•‡∏π‡∏Å‡πÅ‡∏õ‡πâ‡∏á,1
‡πÄ‡∏Ç‡∏µ‡πâ‡∏¢‡∏ß‡∏á‡∏π,1
Nuts,1
Spinach/,1
‡∏ü‡∏≠‡∏á‡∏ô‡∏°‡∏™‡∏î,1
Kashmiri,1
‡πÄ‡∏Å‡∏µ‡πä‡∏¢‡∏ß‡∏Å‡∏ß‡∏≤‡∏á‡∏ï‡∏∏‡πâ‡∏á,1
‡∏¢‡∏≤‡∏á‡πÄ‡∏ô‡∏™,1
‡∏ü‡∏≠‡∏á‡∏ô‡∏°,1
‡∏´‡∏±‡∏ß‡∏´‡∏≠‡∏°‡πÅ‡∏Ç‡∏Å,1
Bologna Sausage,1
‡∏´‡∏ô‡πà‡∏≠‡πÑ‡∏°‡πâ‡πÑ‡∏ú‡πà‡∏ï‡∏á,1
M,1
‡∏Æ‡∏∑‡πâ‡∏≠,1
‡∏™‡∏≤‡∏´‡∏£‡πà‡∏≤‡∏¢‡∏ã‡∏≠‡∏¢‡∏ù‡∏≠‡∏¢,1
Drygin,1
‡∏ä‡∏µ‡∏≠‡∏¥‡πä‡∏ß‡∏î‡∏≥,1
Pre,1
‡∏°‡∏∞‡πÄ‡∏Ç‡∏∑‡∏≠‡∏Å,1
‡∏Å‡∏£‡∏µ‡∏ô‡πÇ‡∏≠‡πá‡∏Ñ,1
80,1
Capellini/Angel,1
‡πÇ‡∏Ñ‡∏•‡∏Å,1
‡πÅ‡∏õ‡πâ‡∏á‡∏ö‡∏±‡∏ß,1
‡∏´‡∏ô‡πà‡∏≠‡πÑ‡∏°‡πâ‡∏î‡∏≠‡∏á‡∏•‡∏ß‡∏Å,1
..,1
‡∏û‡∏≤‡∏™‡∏ï‡πâ‡∏≤‡∏ã‡∏≠‡∏™‡∏Ñ‡∏£‡∏µ‡∏°,1
‡∏ú‡∏±‡∏Å‡∏ä‡∏∏‡∏á,1
‡πÄ‡∏Ñ‡∏£‡∏°‡πÄ‡∏ü‡∏£‡∏ä,1
‡πÄ‡∏õ‡∏≤‡∏∞,1
‡∏ï‡∏£‡∏∞‡πÑ‡∏Ñ‡∏£‡πâ,1
‡∏£‡∏™‡∏à‡∏∑‡∏î,1
‡∏ô‡∏î‡∏™‡∏î‡∏à‡∏∑‡∏î,1
‡πÑ‡∏Ñ‡∏ß‡∏ß‡∏≤,1
‡πÄ‡∏à‡∏•‡∏≤‡∏ï‡∏¥‡∏ô‡∏ú‡∏á,1
‡∏Å‡∏∞‡πÄ‡∏û‡∏£‡∏≤‡∏ö‡πâ‡∏≤‡∏ô,1
BBQ,1
‡πÅ‡∏´‡∏ô‡∏°‡πÑ‡∏ö‡πÇ‡∏≠‡πÄ‡∏ó‡∏Ñ,1
‡∏ã‡∏≤‡∏Å‡∏∏‡∏£‡∏∞,1
‡∏ú‡∏±‡∏Å‡πÑ‡∏ú‡πà,1
‡∏Ñ‡∏≤‡∏£‡πå‡πÄ‡∏ô‡∏ä‡∏±‡πà‡∏ô,1
‡∏õ‡∏£‡∏∞‡∏Å‡∏≠‡∏ö,1
soup,1
‡∏ã‡∏≠‡∏™‡∏û‡∏£‡∏¥‡∏Å‡πÄ‡∏°‡πá‡∏Å‡∏ã‡∏¥‡∏Å‡∏±‡∏ô,1
‡∏õ‡∏•‡∏≤‡∏ã‡∏≤‡∏î‡∏µ‡∏ô,1
‡∏°‡∏±‡∏á‡∏Ñ‡∏∏‡∏î,1
‡∏´‡∏°‡∏π‡∏™‡∏±‡∏ô,1
‡πÅ‡∏õ‡πà‡∏á,1
‡∏ú‡∏±‡∏Å‡∏ô‡∏∂‡πà‡∏á,1
‡∏¢‡∏≠‡∏î‡∏ä‡∏∞‡∏≠‡∏°,1
Katsuo,1
‡∏ö‡∏µ‡πâ,1
‡∏ö‡∏≤‡∏£‡πå‡∏ö‡∏µ‡∏Ñ‡∏¥‡∏ß,1
‚Äú,1
‡πÅ‡∏ß‡πà‡∏ô‡∏ö‡∏≤‡∏á,1
‡∏Ñ‡∏±‡∏û,1
‡∏°‡∏∞‡πÅ‡∏ß‡πâ‡∏á‡πÄ‡∏Ç‡∏µ‡∏¢‡∏ß,1
‡∏û‡∏£‡∏¥‡∏Å‡∏Ç‡∏µ‡πâ‡∏´‡∏ô‡∏π‡∏™‡∏ß‡∏ô‡πÅ‡∏Å‡∏∞,1
‡∏ù‡∏≤‡∏õ‡∏¥‡∏î,1
‡∏ú‡∏±‡∏Å‡∏Å‡∏∏‡πã‡∏¢‡∏â‡πà‡∏≤‡∏¢,1
‡∏ñ‡∏±‡πà‡∏ß‡∏•‡∏¥‡∏á‡∏™‡∏á‡∏Ñ‡∏±‡πà‡∏ß,1
‡∏Ç‡∏≤‡∏¢,1
‡∏™‡∏î‡∏ï‡∏£‡∏≤‡∏´‡∏°‡∏µ‡∏£‡∏™,1
‡∏Ç‡πâ‡∏≤‡∏ß‡∏´‡∏≠‡∏°‡∏ô‡∏¥‡∏•‡∏™‡∏∏‡∏Å,1
‡πÅ‡∏ï‡∏á‡∏•‡∏≤‡∏ô,1
‡∏™‡∏±‡∏ö‡∏õ‡∏±‡πâ‡∏ô,1
‡πÄ‡∏î‡πá‡∏î‡πÉ‡∏ö,1
beach,1
boiled,1
nippi,1
Steak,1
‡∏ã‡∏≠‡∏™‡∏ù‡∏≤‡∏™‡∏µ,1
‡πÅ‡∏Ñ‡∏ô‡πÄ‡∏ö‡∏≠‡∏£‡∏µ‡πà‡∏≠‡∏ö,1
‡∏ï‡∏∞‡πÑ‡∏Ñ‡∏£‡πâ‡∏ã‡∏≠‡∏¢‡∏•‡∏∞‡πÄ‡∏≠‡∏µ‡∏¢‡∏î,1
‡∏î‡∏±‡πà‡∏á,1
‡πÅ‡∏≠‡∏õ‡πÄ‡∏õ‡∏¥‡∏•,1
soft,1
‡∏ú‡∏±‡∏Å‡∏Å‡∏≤‡∏î‡∏Æ‡πà‡∏≠‡∏á‡πÄ‡∏ï‡πâ,1
‡∏ã‡∏∑‡πâ‡∏≠‡∏¥‡πä‡∏ß,1
‡∏Å‡∏∏‡πâ‡∏á‡∏Å‡∏∏‡∏•‡∏≤,1
‡∏Ñ‡∏•‡∏∏‡∏Å‡∏õ‡∏•‡∏≤,1
‡πÄ‡∏ô‡∏∑‡πâ‡∏≠‡∏õ‡∏•‡∏≤,1
‡∏´‡∏±‡πà‡∏ô‡∏ó‡∏≠‡∏î,1
‡∏´‡∏π‡πâ‡∏≠‡πà‡∏≠‡∏ô‡∏ó‡∏≠‡∏î,1
‡πÇ‡∏≠‡πä‡∏ï,1
‡πÉ‡∏°‡πâ,1
‡∏ã‡∏≠‡∏ü‡πÄ‡∏Ñ‡πâ‡∏Å,1
‡∏™‡∏∏‡∏Å‡∏´‡∏±‡πà‡∏ô‡∏ä‡∏¥‡πâ‡∏ô,1
‡∏ã‡∏≠‡∏™‡πÄ‡∏ó‡∏£‡∏¥‡∏¢‡∏≤‡∏Å‡∏∑,1
‡∏•‡∏π‡∏Å‡πÉ‡∏´‡∏ç‡πà,1
‡∏Ç‡∏°,1
‡∏ñ‡∏±‡πà‡∏ß‡πÅ‡∏°‡∏Å‡∏Ñ‡∏≤‡πÄ‡∏î‡πÄ‡∏°‡∏µ‡∏¢‡∏≠‡∏ö,1
‡∏Ñ‡∏∞‡∏ô‡πâ‡∏≤‡∏´‡∏±‡πà‡∏ô‡∏ù‡∏≠‡∏¢,1
‡∏ï‡∏£‡∏µ‡∏ô‡πÑ‡∏Å‡πà,1
‡∏™‡∏ß‡∏¢‡∏á‡∏≤‡∏°,1
‡∏û‡∏≤‡πÄ‡∏î‡πá‡∏î‡πÄ‡∏≠‡∏≤,1
‡∏î‡∏≤‡∏ä‡∏¥,1
‡∏ß‡πâ‡∏≤,1
‡∏î‡∏≠‡∏Å‡πÅ‡∏Ñ‡∏£‡πå,1
‡πÑ‡∏ä‡πÇ‡∏õ‡πâ,1
‡πÅ‡∏ü‡∏á,1
‡∏ã‡∏µ‡πÇ‡∏Ñ‡∏£‡∏á‡πÑ‡∏Å‡πà,1
‡∏Å‡∏±‡πâ‡∏á,1
‡∏ö‡∏•‡πá‡∏≠‡∏Ñ,1
‡∏°‡∏±‡∏™‡∏ï‡∏£‡∏≤‡∏î,1
‡∏°‡∏∞‡πÄ‡∏Ç‡∏∑‡∏¥‡∏≠,1
‡∏≠‡∏≠‡∏£‡∏¥‡∏ô,1
‡πÅ‡∏Ñ‡∏£‡∏≠‡∏ó‡∏´‡∏±‡πà‡∏ô‡∏ö‡∏≤‡∏á,1
Okra,1
‡∏≠‡∏∑‡πä‡∏ß,1
‡πÄ‡∏Ñ‡∏•‡∏∑‡∏≠‡∏ö,1
‡∏ñ‡∏±‡πà‡∏ß‡∏û‡∏•‡∏π‡∏ã‡∏≠‡∏¢,1
‡∏ã‡∏≠‡∏¢‡∏´‡∏≠‡∏¢‡∏ô‡∏≤‡∏á‡∏£‡∏°,1
Guacamole,1
‡∏ï‡∏¥‡∏î‡∏ô‡πà‡∏≠‡∏á,1
‡πÄ‡∏ï‡πâ‡∏≤‡∏´‡∏π‡πâ‡∏≠‡πà‡∏≠‡∏ô,1
‡∏à‡∏µ‡πâ,1
‡∏•‡∏¥‡∏•‡∏á,1
‡πÑ‡∏™‡πâ‡∏á‡∏≤‡∏î‡∏≥,1
‡∏ô‡∏π‡∏Å‡πâ‡∏≤,1
‡∏£‡∏™‡∏ä‡∏≤‡∏ï‡∏¥,1
‡∏û‡∏£‡∏¥‡∏Å‡πÑ‡∏ó‡∏õ‡πà‡∏ô‡∏™‡∏π‡∏ï‡∏£,1
Pancake,1
‡πÅ‡∏ï‡∏á‡πÑ‡∏ó‡∏¢,1
‡∏ä‡∏≤dilmah,1
‡∏™‡πâ‡∏°‡πÄ‡∏ä‡πâ‡∏á,1
‡πÄ‡∏£‡∏î‡πÅ‡∏£‡∏î‡∏¥‡∏ä,1
‡∏£‡∏¥‡∏°,1
‡πÅ‡∏Ñ‡∏£‡∏ó‡∏≠‡∏ó‡∏Ç‡∏π‡∏î,1
‡∏Å‡∏∞‡∏´‡∏£‡∏µ‡πà‡∏Å‡πâ‡∏≠‡∏ô,1
‡∏™‡πâ‡∏°‡∏°‡∏≤‡∏£‡πå‡∏°‡∏≤‡πÄ‡∏•‡∏î,1
semolina,1
Rose,1
chorizo,1
‡πÅ‡∏Å‡∏á‡πÅ‡∏à‡πà‡∏ß‡∏Æ‡πâ‡∏≠‡∏ô,1
‡πÅ‡∏ö‡∏∞‡πÅ‡∏ã,1
‡∏û‡∏£‡∏¥‡∏Å‡πÑ‡∏ó‡πÄ‡∏°‡πá‡∏î‡∏î‡∏≥,1
‡∏´‡∏≠‡∏°‡πÄ‡πÄ‡∏î‡∏á,1
32,1
‡∏õ‡∏µ‡πÇ‡∏õ‡πâ,1
‡∏à‡∏±‡∏ô‡∏ó‡∏£‡πå,1
Old,1
‡∏û‡∏£‡∏¥‡∏Å‡∏™‡∏±‡∏ö,1
‡∏Å‡∏∏‡πã‡∏¢,1
‡∏•‡∏≥,1
‡∏Å‡∏≠‡∏™‡πÇ‡∏ï,1
‡∏ö‡∏±‡∏Å‡∏Å‡∏∏‡∏ï‡πÄ‡∏ï‡πã,1
‡∏ö‡∏±‡∏Å‡∏Å‡∏∏‡πä‡∏î‡πÄ‡∏ï‡πã,1
‡∏Ç‡πà‡∏≤‡∏ó‡∏∏‡∏ö,1
‡∏û‡∏£‡∏¥‡∏Å‡∏ñ‡∏±‡πà‡∏ß‡∏î‡∏≥,1
‡∏Ç‡∏¥‡∏á‡∏ã‡∏≠‡∏¢‡∏ù‡∏≠‡∏¢,1
‡πÇ‡∏£‡∏™,1
Cormick,1
‡∏Å‡∏∏‡πâ‡∏á‡∏¢‡πà‡∏≤‡∏á,1
‡∏û‡∏£‡∏¥‡∏Å‡πÅ‡∏î‡∏á‡∏î‡∏≥,1
‡πÑ‡∏Å‡πà‡∏ï‡πâ‡∏°,1
Soda,1
‡∏Ñ‡∏≠‡∏ô‡πå‡∏£,1
‡∏ú‡∏±‡∏Å‡∏Ñ‡∏•‡∏≠‡∏™,1
thymes,1
‡∏´‡∏±‡πâ‡∏ô,1
finger,1
‡∏ö‡∏£‡∏£‡∏à‡∏∏,1
plain,1
‡∏ä‡∏¥‡∏î,1
‡∏ö‡∏ß‡∏ö‡∏´‡∏±‡πà‡∏ô,1
‡πÅ‡∏î‡∏á‡πÄ‡∏Æ‡∏ö‡∏•‡∏π‡∏ö,1
‡∏•‡∏¥‡∏á‡∏Å‡∏ß‡∏¥‡∏ô‡∏µ‡πà,1
‡∏Å‡∏¥‡∏ô,1
‡∏ã‡∏≠‡∏™‡∏û‡∏£‡∏µ‡πÄ‡∏°‡∏µ‡πà‡∏¢‡∏°,1
‡πÅ‡∏ï‡∏á‡∏Å‡∏ß‡∏≤‡∏î‡∏≠‡∏á,1
‡∏•‡∏≠‡∏Å‡∏•‡∏≤‡∏¢,1
Topping,1
‡∏≠‡∏∞‡πÑ‡∏£,1
‡πÇ‡∏õ‡πä‡∏ä‡∏ô‡∏¥‡∏î,1
‡πÄ‡∏ô‡∏∑‡πâ‡∏≠‡πÄ‡∏ä‡∏µ‡∏¢‡∏á,1
‡∏Å‡∏µ‡∏ß‡∏µ‡πà‡∏™‡∏î,1
‡∏´‡∏ç‡πâ‡∏≤‡∏´‡∏≠‡∏°,1
‡πÅ‡∏£‡πá‡∏õ,1
‡∏û‡∏£‡∏¥‡∏Å‡∏´‡∏±‡πà‡∏ô‡∏Ç‡∏ß‡∏≤‡∏á,1
‡πÉ‡∏ö‡∏ï‡∏≠‡∏á,1
‡∏Æ‡∏≤‡πÄ‡∏ã‡∏•‡∏ô‡∏±‡∏ó‡πÑ‡∏ã‡∏£‡∏±‡∏õ,1
cashews,1
‡∏ã‡∏≠‡∏á‡∏£‡∏™,1
‡∏®‡∏π‡∏ô‡∏¢‡πå‡∏Å‡∏•‡∏≤‡∏á,1
‡∏ä‡∏¥‡πâ‡∏ô‡πÄ‡∏ï‡πâ‡∏≤‡∏´‡∏π‡πâ,1
‡∏ó‡πâ‡∏≠‡∏á,1
‡∏ú‡∏±‡∏Å‡πÉ‡∏ö,1
‡πÄ‡∏´‡πá‡∏î‡∏´‡∏≠‡∏°‡∏î‡∏≠‡∏Å,1
‡∏û‡∏£‡∏¥‡∏Å‡πÅ‡∏Å‡∏á‡πÄ‡∏•‡∏µ‡∏¢‡∏á,1
‡∏≠‡∏≠‡∏£‡∏¥‡∏à‡∏¥‡∏´‡∏±‡πà‡∏ô,1
‡∏ä‡∏¥‡πâ‡∏ô‡∏™‡∏µ‡πà,1
Vodka,1
‡∏ô‡∏ß‡∏î,1
‡∏õ‡∏£‡∏≤‡∏õ‡∏£‡∏¥‡∏Å‡πâ‡∏≤,1
‡∏≠‡∏¥‡∏ô‡πÇ‡∏î,1
‡∏°‡∏¥,1
‡∏Ç‡πà‡∏≤‡∏õ‡πà‡∏ô,1
‡∏´‡∏ô‡∏∂‡πà‡∏á,1
‡∏¢‡πâ‡∏≥,1
‡∏ä‡∏±‡πà‡∏ß‡πÇ‡∏°‡∏á,1
Extra,1
baby,1
‡∏à‡∏±‡πã‡∏ö,1
‡∏ú‡∏±‡∏Å‡πÄ‡∏Ñ‡∏µ‡∏¢‡∏á‡∏ï‡∏≤‡∏°,1
‡πÄ‡∏Ç‡∏µ‡∏¢‡∏ô,1
‡∏ã‡∏±‡∏ô‡∏ô‡∏µ‡πà,1
ü•ö,1
‡πÑ‡∏ä‡πÇ‡∏õ‡∏´‡∏ß‡∏≤‡∏ô,1
raisin,1
‡∏°‡∏∞‡∏°‡πà‡∏ß‡∏á‡∏Å‡∏ß‡∏ô,1
‡πÑ‡∏ä‡πà‡πÇ‡∏õ‡πâ‡∏ß,1
‡∏ä‡∏∏‡∏ö‡∏ó‡∏≠‡∏î‡∏£‡∏™,1
‡∏Å‡∏£‡∏∞‡πÄ‡∏ä‡πâ‡∏≤,1
‡∏õ‡∏≤‡∏•‡πå‡∏°‡∏ï‡∏£‡∏≤,1
‡πÄ‡∏û‡∏ô‡πÄ‡∏ô‡πà,1
‡∏•‡∏π‡∏Å‡∏û‡∏£‡∏¥‡∏Å‡πÑ‡∏ó‡∏¢,1
‡∏≠‡∏≠‡∏£‡∏¥‡∏à‡∏¥,1
‡∏ä‡∏≤‡πÇ‡∏Ñ‡∏•,1
‡πÄ‡∏´‡πá‡∏î‡πÄ‡∏ú‡∏≤‡∏∞,1
Arugula,1
‡∏•‡πà‡∏≤‡πÄ‡∏à‡∏µ‡∏¢‡∏ß‡∏ï‡∏≤‡∏°,1
‡∏Ç‡∏ô‡∏°‡∏û‡∏£‡∏¥‡∏Å,1
‡∏î‡∏≠‡∏Å‡πÄ‡∏ü‡∏∑‡πà‡∏≠‡∏á‡∏ü‡πâ‡∏≤,1
Tuna,1
‡∏™‡∏±‡∏ö‡πÄ‡∏™‡πâ‡∏ô,1
Sweet,1
‡∏≠‡∏¥‡∏ï‡∏≤‡πÄ‡∏•‡∏µ‡πà‡∏¢‡∏ô,1
‡πÄ‡∏£‡∏î‡πÇ‡∏≠‡πä‡∏ï,1
‡πÄ‡∏à‡∏µ‡∏¢‡∏∞‡∏Å‡∏≠,1
‡∏Ç‡πâ‡∏≤‡∏ß‡∏õ‡∏±‡πà‡∏ô,1
‡∏à‡∏¥‡∏ô‡∏î‡∏≤‡∏ö‡∏∏‡∏ö,1
Chicken,1
‡∏ú‡∏á‡∏û‡∏£‡∏¥‡∏Å,1
consomm,1
‡∏Å‡∏µ‡∏ß‡∏µ‡πà‡πÄ‡∏Ç‡∏µ‡∏¢‡∏ß,1
‡πÅ‡∏Å‡∏∞‡πÉ‡∏¢,1
‡∏Ç‡πâ‡∏≤‡∏ß‡πÄ‡∏Å‡πà‡∏≤,1
‡∏ï‡∏±‡∏ß‡πÄ‡∏õ‡πá‡∏î,1
‡∏ú‡∏±‡∏Å‡∏Ç‡∏°‡πÅ‡∏ä‡πà‡πÅ‡∏Ç‡πá‡∏á,1
‡∏¢‡∏≥‡πÄ‡∏Å‡∏µ‡πà‡∏¢‡∏°‡∏â‡πà‡∏≤‡∏¢,1
‡πÄ‡∏à‡∏µ‡∏¢‡∏ß‡∏´‡∏≠‡∏°,1
‡πÄ‡πÄ‡∏≠‡∏õ‡πÄ‡∏õ‡∏¥‡πâ‡∏•,1
‡∏õ‡∏π‡∏ó‡∏∞‡πÄ‡∏•,1
‡∏ô‡∏°‡∏Ñ‡∏≤‡∏£‡πå‡πÄ‡∏ô‡∏ä‡∏±‡πà‡∏ô‡πÄ‡∏•‡πá‡∏Å,1
‡∏°‡∏¥‡πÇ‡∏™‡∏∞,1
carrots,1
Hill,1
‡∏ú‡∏±‡∏Å‡πÅ‡∏û‡∏£‡∏ß,1
‡∏Ç‡πâ‡∏≤‡∏ß‡∏ã‡∏≠‡∏¢,1
‡πÅ‡∏´‡∏ô‡∏°‡∏´‡∏±‡πà‡∏ô,1
‡∏£‡∏±‡πâ‡∏ß,1
‡∏û‡∏á,1
jam,1
‡πÇ‡∏≠‡∏ß‡∏±‡∏•‡∏ï‡∏¥‡∏ô‡πÇ‡∏Å‡∏•‡∏î‡πå,1
‡∏ã‡∏≠‡∏™‡πÄ‡∏û‡∏™‡πÇ‡∏ï‡πâ‡πÇ‡∏Æ‡∏°‡πÄ‡∏°‡∏î,1
‡πÑ‡∏Å‡πà‡πÄ‡∏´‡∏ô‡∏µ‡∏¢‡∏ß,1
‡∏™‡∏≠‡∏ö,1
Sourdough,1
‡πÑ‡∏™‡πâ‡∏ù‡∏≠‡∏¢‡∏ó‡∏≠‡∏á,1
Stevia,1
lao,1
‡∏Å‡∏£‡∏π‡∏ï‡∏≠‡∏á,1
‡πÄ‡∏Ñ‡πâ‡∏Å‡∏£‡πà‡∏≠‡∏ô,1
‡πÅ‡∏´‡πâ‡∏ß‡∏à‡∏µ‡∏ô,1
‡∏Ñ‡∏∑‡πà‡∏ô‡πÑ‡∏â‡πà,1
‡∏•‡∏π‡∏Å‡πÄ‡∏Å‡∏î‡∏î‡∏≥,1
‡πÄ‡∏´‡πá‡∏î‡∏ï‡∏±‡∏ö‡πÄ‡∏ï‡πà‡∏≤,1
spices,1
‡πÄ‡∏Å‡πá‡∏î‡∏ô‡∏≤‡∏á‡∏ü‡πâ‡∏≤,1
‡∏Å‡∏∏‡πä‡∏Å‡∏Å‡∏µ‡πâ,1
‡∏Å‡∏µ‡∏ß‡∏µ‡∏™‡∏µ‡∏ó‡∏≠‡∏á,1
‡∏≠‡πâ‡∏≠‡∏î‡∏¥‡∏ö,1
‡∏´‡∏≠‡∏¢‡∏ï‡∏•‡∏±‡∏ö,1
‡πÄ‡∏à‡∏µ‡πâ‡∏¢‡∏ß‡∏Ç‡∏≤‡∏ß,1
‡∏Ç‡πâ‡∏≤‡∏ß‡∏™‡∏µ‡∏ô‡∏¥‡∏•,1
‡∏Ç‡πâ‡∏≤‡∏ß‡πÇ‡∏û‡∏î‡∏°‡πà‡∏ß‡∏á,1
‡πÄ‡∏û‡∏™‡πÇ‡∏ï‡πâ‡∏ã‡∏≠‡∏™,1
‡∏°‡∏∞‡∏•‡∏≠‡∏Å‡∏≠‡∏Å‡∏∂‡πà‡∏á,1
La-Yu ,1
‡∏ä‡∏≤‡∏•‡∏¥‡∏õ‡∏ï‡∏±‡∏ô,1
‡∏´‡∏π‡∏Å,1
‡∏ã‡∏π‡∏Å‡∏¥‡∏ô‡∏µ‡πà,1
‡∏Ç‡πâ‡∏≤‡∏ß‡∏Ç‡∏°‡∏¥‡πâ‡∏ô,1
‡∏≠‡∏¢‡∏π‡πà,1
‡∏ú‡∏±‡∏Å‡πÅ‡∏û‡∏ß,1
‡∏ó‡∏µ,1
cooking,1
‡∏´‡∏≠‡∏°‡πÅ‡∏î‡∏á‡πÅ‡∏Å‡∏∞,1
‡∏ú‡∏±‡∏Å‡∏•‡∏ß‡∏Å,1
-‡πÄ‡∏ä‡∏ü,1
‡∏≠‡∏±‡∏ç‡∏ä‡∏±‡∏ç,1
‡∏ä‡∏≤‡∏≠‡∏ö,1
‡πÄ‡∏£‡∏≤‡∏∞,1
‡∏£‡πà‡∏≠‡∏ô,1
‡∏ï‡∏≤‡∏£‡πå‡∏î‡∏ï‡∏£‡∏≤‡∏£‡∏≠‡∏¢‡∏±‡∏•,1
‡∏ö‡πâ‡∏ß‡∏¢‡πÄ‡∏à‡∏µ‡πà‡∏¢,1
golden,1
‡πÑ‡∏Ç‡πà‡∏ä‡∏∞‡∏≠‡∏°,1
‡∏ß‡∏≤‡∏ü‡πÄ‡∏ü‡∏¥‡∏•,1
‡πÄ‡∏â‡∏≤‡∏Å‡πä‡∏ß‡∏¢,1
√Æ,1
‡∏≠‡πà‡∏≠‡∏ô‡∏ü‡∏±‡∏Å‡πÅ‡∏°‡πâ‡∏ß,1
‡∏ß‡∏¥‡∏•‡πÄ‡∏•‡∏µ‡πà‡∏¢‡∏°,1
‡πÅ‡∏Ñ‡∏£‡∏ô‡πÄ‡∏ö‡∏≠‡∏£‡πå‡∏£‡∏µ‡πà,1
‡∏ô‡πâ‡∏≥‡πÄ‡∏ã‡∏≠‡∏£‡∏≤‡∏£‡∏µ‡πà,1
‡∏Æ‡∏≠‡∏î‡∏î‡∏≠‡∏Å,1
‡∏ñ‡∏±‡πà‡∏ß‡∏•‡∏±‡∏ô‡πÄ‡∏ï‡∏≤‡∏´‡∏ß‡∏≤‡∏ô,1
Cookies,1
s,1
‡∏û‡∏£‡∏¥‡∏Å‡πÄ‡∏Å‡∏≤‡∏´‡∏•‡∏µ,1
‡∏ä‡∏≤‡∏ï‡∏£‡∏≤‡∏™‡∏≤‡∏°‡∏°‡πâ‡∏≤,1
‡∏ô‡πâ‡∏≥‡∏ï‡∏≤‡∏Å‡∏£‡∏ß‡∏î,1
Oregano,1
‡πÇ‡∏≠‡∏ß‡∏±‡∏•‡∏ï‡∏¥‡∏ô‡πÑ‡∏ß‡∏ó‡πå,1
‡πÄ‡∏Ç‡∏µ‡∏¢‡∏á,1
‡∏°‡∏±‡∏á‡∏Ø,1
Style,1
‡∏ï‡∏≤‡∏¢,1
‡πÅ‡∏ä‡πà‡πÄ‡∏¢‡πá‡∏ô,1
Pasa,1
‡∏°‡∏∞‡πÄ‡∏Ç‡∏∑‡∏≠‡∏û‡∏ß‡∏á‡∏ï‡∏≤‡∏°,1
‡∏ö‡πä‡∏ß‡∏¢‡πÄ‡∏à‡∏µ‡πà‡∏¢,1
‡πÇ‡∏´‡∏£‡∏∞‡∏û‡∏≤‡∏ï‡∏≤‡∏°,1
‡∏´‡∏±‡∏ß‡∏à‡∏≤‡∏ô,1
‡∏°‡∏≤‡∏Ñ‡∏π‡∏°‡∏¥‡∏ã‡∏≠‡∏™,1
S&,1
‡πÑ‡∏™‡πâ‡πÄ‡∏ó‡∏µ‡∏¢‡∏°,1
‡πÄ‡∏î‡∏∑‡∏≠‡∏¢‡∏ï‡πâ‡∏°‡∏™‡∏∏‡∏Å,1
‡πÑ‡∏Å‡πà‡πÑ‡∏£‡πâ,1
‡∏Ñ‡∏∏‡∏ì,1
‡∏õ‡πâ‡∏á,1
‡πÑ‡∏≠‡πâ‡∏î‡πâ‡∏≠‡∏á,1
‡∏ô‡∏≤‡∏á‡πÄ‡∏á‡∏∑‡∏≠‡∏Å,1
‡∏Ç‡∏¥‡∏á‡∏ù‡∏≠‡∏¢,1
‡πÄ‡∏´‡∏£‡∏∞,1
‡∏´‡∏π‡∏´‡∏ô‡∏π,1
‡∏ú‡∏±‡∏Å‡πÄ‡∏£‡∏î‡πÇ‡∏≠‡πä‡∏Å,1
‡∏ã‡∏≠‡∏™‡πÄ‡∏ï‡πâ‡∏≤‡πÄ‡∏à‡∏µ‡πä‡∏¢‡∏ß,1
Broth,1
‡πÄ‡∏ã‡∏≠‡∏£‡∏≤‡∏£‡∏µ‡πà,1
‡∏Ñ‡∏±‡πà‡πà‡∏ß,1
‡∏û‡∏£‡∏¥‡∏î‡∏´‡∏ô‡∏∏‡πà‡∏°,1
‡∏õ‡∏•‡∏≤‡∏Å‡∏£‡∏∞‡∏î‡∏µ‡πà,1
Gan Ma,1
‡πÄ‡∏õ‡πá‡∏î‡∏î‡∏¥‡∏ö,1
‡πÇ‡∏ö‡∏ô‡∏≤‡∏•‡πà‡∏≤,1
‡∏£,1
‡πÄ‡πÄ‡∏•‡πâ‡∏ß,1
‡∏ä‡∏±‡πà‡∏á,1
‡∏´‡∏°‡∏µ‡πà‡πÇ‡∏Ñ‡∏£‡∏≤‡∏ä,1
‡∏ü‡∏¥‡∏á‡πÄ‡∏Å‡∏≠‡∏£‡πå,1
üéÇ,1
‡∏Ñ‡∏∑‡πà‡∏ô‡πÑ‡∏ä,1
Shacho,1
El,1
orange,1
‡πÄ‡∏´‡πá‡∏î‡πÄ‡∏Ç‡πá‡∏°‡∏ó‡∏≠‡∏á‡∏•‡∏ß‡∏Å,1
‡πÑ‡∏Ç‡πà2,1
‡∏ï‡∏∞‡πÑ‡∏Ñ‡∏£‡πâ‡∏ã‡∏≠‡∏¢‡∏ó‡∏≠‡∏î,1
‡∏Å‡∏∏‡πâ‡∏¢‡∏ä‡πà‡∏≤‡∏¢,1
‡∏ß‡πà‡∏≤‡∏ô‡∏´‡∏≤‡∏á‡∏à‡∏£‡∏∞‡πÄ‡∏Ç‡πâ,1
‡∏™‡∏õ‡∏≤‡πÄ‡∏Å‡πá‡∏ï‡∏ï‡∏µ,1
cranberries,1
‡∏ã‡∏µ‡∏ü‡∏π‡πä‡∏î,1
‡∏Å‡∏∂‡∏á,1
‡∏™‡∏ï‡∏£‡∏≠‡∏ß‡πå‡πÄ‡∏ö‡∏≠‡∏£‡∏µ‡πà,1
‡πÉ‡∏ä‡πà,1
‡∏ã‡∏µ‡∏≠‡∏µ‡πâ‡∏ß‡∏î‡∏≥,1
‡∏ú‡∏±‡∏î‡∏Ñ‡∏∞‡∏ô‡πâ‡∏≤,1
‡πÑ‡∏Ç‡πà‡∏≠‡∏≠‡∏ô‡πÄ‡∏ã‡πá‡∏ô,1
‡∏≠‡∏∞‡πÇ‡∏ß‡∏Ñ‡∏≤‡πÇ‡∏î‡∏´‡∏±‡πà‡∏ô,1
‡∏û‡∏£‡∏¥‡∏Å‡πÅ‡∏´‡πâ‡∏á‡∏ï‡∏≥,1
‡πÅ‡∏Å‡∏∞‡∏™‡∏•‡∏±‡∏Å,1
‡∏ö‡∏∞‡∏´‡∏°‡∏µ‡πÄ‡∏´‡∏•‡∏∑‡∏≠‡∏á,1
‡∏ä‡∏°‡∏≠‡∏°,1
‡∏Å‡∏•‡∏°‡∏¢‡∏±‡∏Å‡∏©‡πå,1
‡∏ä‡∏≤‡∏°‡∏∞‡∏•‡∏¥,1
‡πÑ‡∏™‡πâ‡∏ñ‡∏±‡πà‡∏ß‡∏ó‡∏≠‡∏á‡∏Å‡∏ß‡∏ô,1
‡πÄ‡∏ô‡∏∑‡πâ‡∏≠‡∏≠‡∏Å,1
Baked,1
‡∏Å‡∏∂‡πà‡∏ô,1
‡∏°‡∏∞‡∏•‡∏∞‡∏Å‡∏≠‡∏≠‡∏ö,1
‡∏ä‡∏¥‡∏ï‡∏≤‡πÄ‡∏Å‡∏∞,1
Cajun,1
‡∏ö‡∏ß‡∏ö‡∏≠‡πà‡∏≠‡∏ô,1
‡∏´‡∏°‡∏µ‡πà‡∏†‡∏π‡πÄ‡∏Å‡πá‡∏ï,1
‡∏à‡∏¥‡∏á‡πÅ‡∏°‡πà‡πÅ‡∏à‡∏á,1
‡∏°‡∏∞‡∏¢‡∏á,1
‡∏Å‡∏≤‡∏ô‡πà‡∏≤,1
‡∏°‡∏∞‡πÄ‡∏Ç‡∏∑‡∏≠‡∏°‡πà‡∏ß‡∏á‡∏™‡πÑ‡∏•‡∏î‡πå,1
‡∏Ç‡πâ‡∏≠‡∏á,1
‡∏£‡∏™‡∏ä‡πá‡∏≠,1
‡πÅ‡∏°‡∏Å‡πÇ‡∏ô‡πÄ‡∏•‡∏µ‡∏¢,1
‡∏ã‡∏≠‡∏™‡∏´‡∏°‡πà‡∏≤,1
‡∏Ñ‡∏±‡∏™,1
‡∏ú‡∏±‡∏Å‡∏Å‡∏≤‡∏î‡∏´‡∏á‡∏™‡πå,1
‡∏î‡∏≠‡∏Å‡πÄ‡∏á‡∏µ‡πâ‡∏¢‡∏ß,1
‡∏ú‡∏µ‡∏Å‡∏ä‡∏µ,1
‡∏£‡∏≠‡∏¢,1
‡∏ñ‡∏∏‡∏á‡∏£‡πâ‡∏≠‡∏ô,1
‡∏Å‡∏£‡∏∞‡πÄ‡∏à‡∏µ‡πâ‡∏¢‡∏ö‡πÄ‡∏Ç‡∏µ‡∏¢‡∏ß,1
‡∏ü‡∏≤‡∏•‡∏π‡∏î‡πâ‡∏≤,1
‡∏™‡∏ß‡∏ô‡∏ö‡∏∏‡∏ö,1
‡∏ä‡∏¥‡πâ‡∏ô‡∏ö‡∏≤‡∏á,1
‡∏ï‡∏£‡∏≤‡πÄ‡∏õ‡πã‡∏≤,1
‡∏õ‡∏π‡πÅ‡∏õ‡πâ‡∏ô,1
‡πÄ‡∏ã‡∏£‡∏≤‡∏£‡∏µ‡πà,1
worcestershire,1
‡∏ä‡∏≠‡∏ö‡∏£‡∏™,1
‡∏´‡πâ‡∏ô‡∏´‡∏≠‡∏°,1
years,1
Spices,1
‡∏ß‡∏±‡∏ï‡∏ñ‡∏∏,1
‡πÑ‡∏Ç‡πà4,1
‡∏™‡∏±‡∏ö‡∏£‡∏ß‡∏ô,1
‡∏ú‡∏±‡∏Å‡∏™‡∏•‡∏±‡∏î ‡πÄ‡∏Ç‡∏µ‡∏¢‡∏ß,1
‡∏ã‡∏≠‡∏™‡∏¢‡∏≤‡∏Å‡∏¥‡πÇ‡∏ã‡∏ö‡∏∞,1
‡∏û‡∏£‡∏¥‡∏Å‡∏Ç‡∏µ‡πâ‡∏´‡∏ô‡∏π‡∏à‡∏¥‡∏ô‡∏î‡∏≤,1
‡πÄ‡∏´‡πá‡∏î‡πÄ‡∏å‡∏°‡∏õ‡∏¥‡∏¢‡∏≠‡∏á,1
‡∏ô‡πâ‡∏≥‡∏ï‡∏≤‡∏ó‡∏£‡∏≤‡∏¢,1
‡πÅ‡∏Å‡∏á‡πÄ‡∏î‡πá‡∏Å,1
vegetable,1
‡πÅ‡∏ö‡πÄ‡∏õ‡∏•‡∏µ‡πà‡∏¢‡∏ô,1
‡∏ï‡∏∞‡πÑ‡∏Ñ‡∏£‡πâ‡∏™‡πÑ‡∏•‡∏î‡πå,1
‡∏Ç‡∏°‡∏¥‡πâ‡∏ô‡∏™‡∏î,1
‡∏£‡∏±‡∏ö,1
‡∏ú‡πâ‡∏≤,1
‡∏õ‡∏µ‡∏Å‡πÑ‡∏Å‡∏ö‡∏ô,1
Alfredo,1
‡∏ô‡∏∞,1
‡∏´‡∏±‡πà‡∏ô‡πÄ‡∏â‡∏µ‡∏¢‡∏á,1
‡∏à‡πä‡∏≠,1
‡∏ï‡∏≤,1
‡∏õ‡∏•‡∏≤‡∏•‡∏ß‡∏Å,1
‡∏ï‡∏á‡∏™‡∏î,1
‡∏ß‡∏¥‡∏î‡∏Ñ‡∏£‡∏µ‡∏°,1
kulfi,1
‡∏ö‡∏î‡∏•‡∏∞‡πÄ‡∏≠‡∏µ‡∏¢‡∏î,1
‡∏ô‡πâ‡∏≥‡∏™‡∏ï‡∏≠‡∏Ñ,1
‡∏û‡∏∞‡πÅ‡∏ô‡∏á,1
‡∏´‡∏°‡∏µ‡πà‡∏≠‡∏ö,1
‡∏°‡∏∞‡∏°‡∏≤‡∏ß,1
‡∏ß‡∏≤‡∏Å‡∏≤‡πÄ‡∏°‡∏∞‡πÅ‡∏´‡πâ‡∏á,1
‡πÄ‡∏£‡∏µ‡∏¢‡∏ô,1
‡∏û‡∏•‡∏≤‡∏ï‡∏¥‡∏Å,1
‡∏õ‡∏π‡∏≠‡πà‡∏≠‡∏á,1
‡πÅ‡∏Ñ‡∏£‡πå‡∏£‡∏≠‡∏ï,1
herbs,1
dhania,1
‡∏™‡∏≤‡∏¢‡πÉ‡∏¢,1
 pancake,1
Juice,1
cake,1
spaghetti,1
kombu,1
‡∏ô‡∏°‡∏™‡∏î‡∏£‡πâ‡∏≠‡∏ô,1
‡πÄ‡∏®‡∏©,1
‡πÇ‡∏à‡πä‡∏Å,1
‡∏Å‡∏£‡∏∞‡πÄ‡∏£‡∏µ‡∏¢‡∏ô,1
‡∏™‡πâ‡∏°‡πÇ‡∏≠,1
Pasley,1
‡πÅ‡∏Å‡∏á‡∏™‡πâ‡∏°‡πÄ‡∏à,1
‡πÑ‡∏Ç‡πà‡∏ù‡∏≠‡∏¢,1
‡πÅ‡∏£‡∏î‡∏¥‡∏ä,1
ma,1
Virgin,1
Diced,1
‡πÄ‡∏ä‡∏≠‡∏£‡πå‡∏•‡∏≠‡∏¢,1
che,1
‡πÄ‡∏ö‡∏≠‡∏Ñ‡∏≠‡∏ô‡∏õ‡∏¥‡∏Ñ‡∏ô‡∏¥‡∏Ñ,1
‡∏ä‡∏¥‡∏ü‡∏ü‡πà‡∏≠‡∏ô,1
‡∏ï‡∏≠‡∏£‡πå‡∏ï‡∏¥‡∏¢‡∏≤,1
‡∏ö‡∏∏‡∏Å‡∏•‡∏ß‡∏Å,1
‡∏Å‡∏µ‡∏ß‡∏µ,1
‡∏û‡∏≤‡∏™‡∏ï‡πâ‡∏≤‡∏î‡∏¥‡∏ö,1
‡∏ß‡∏≤‡∏ü‡πÄ‡∏ü‡∏¥‡πâ‡∏•,1
Lady,1
‡∏õ‡πä‡∏≠‡∏õ‡∏£‡∏™‡∏•‡∏¥‡πâ‡∏ô‡∏à‡∏µ‡πà,1
‡∏ö‡∏•‡πä‡∏≠‡∏Ñ‡πÇ‡∏Ñ‡∏•‡∏µ‡πà,1
‡∏ã‡∏µ‡∏≠‡πä‡∏ß‡∏Ç‡∏≤‡∏ß,1
Bun,1
‡∏ú‡∏±‡∏Å‡πÇ‡∏Ç‡∏°‡∏ï‡πâ‡∏°,1
‡πÄ‡∏î‡∏¥‡∏°,1
 3,1
‡∏ï‡∏∞‡πÑ‡∏Ñ‡∏£‡πâ‡∏´‡∏±‡πà‡∏ô‡∏ã‡∏≠‡∏¢,1
Ginger,1
‡πÄ‡∏´‡∏£‡∏µ‡∏¢‡∏á,1
‡∏≠‡∏¥‡∏Ñ‡∏ß‡∏•‡∏™‡∏ï‡∏µ‡πÄ‡∏ß‡∏µ‡∏¢,1
‡πÅ‡∏Å‡∏∞‡∏•‡∏ß‡∏Å,1
‡∏ã‡∏≠‡∏™‡πÇ‡∏≠‡πÇ‡∏Ñ‡πÇ‡∏ô‡∏°‡∏¥‡∏¢‡∏≤‡∏Å‡∏¥,1
 ‡∏´‡∏±‡πà‡∏ô‡∏û‡∏≠‡∏î‡∏µ‡∏Ñ‡∏≥,1
‡∏ñ‡πâ‡∏ß‡∏¢‡∏ü‡∏≠‡∏¢‡∏î‡πå,1
‡πÇ‡∏ô‡πà,1
‡∏ô‡πâ‡∏≠‡∏á‡∏™‡∏∞‡πÇ‡∏û‡∏Å,1
‡∏Å‡πâ‡∏≤‡∏ô‡∏Å‡∏ß‡∏≤‡∏á‡∏ï‡∏∏‡πâ‡∏á,1
‡∏£‡∏™‡∏î‡∏µ‡πÄ‡∏°‡∏ô‡∏π,1
‡πÄ‡∏Ç‡πà‡∏á‡πÑ‡∏â‡πà,1
‡∏ã‡∏≠‡∏™‡∏û‡∏£‡∏¥‡∏Å‡πÑ‡∏Æ‡∏Ñ‡∏¥‡∏ß,1
‡∏ä‡∏¥‡πâ‡∏ô‡πÄ‡∏°‡∏∑‡∏≠‡∏á‡∏ó‡∏≠‡∏á,1
‡∏ö‡∏£‡∏≠‡∏Ñ‡πÄ‡∏Ñ‡∏≠‡∏•‡∏¥,1
‡πÑ‡∏ß‡∏ó‡πå‡∏ä‡πá‡∏≠‡∏Å,1
tipco,1
‡πÇ‡∏≠‡∏•‡∏µ‡∏ô,1
‡∏ó‡πá‡∏≠‡∏õ‡∏õ‡∏¥‡πâ‡∏á,1
‡πÑ‡∏ã,1
‡∏ï‡∏±‡∏î‡∏£‡∏≤‡∏Å,1
√®,1
‡∏ú‡∏±‡∏Å‡∏ä‡∏∏‡∏á‡πÑ‡∏â‡πà,1
‡∏Å‡∏∏‡πâ‡∏á‡∏Å‡∏∏‡∏•‡∏≤‡∏î‡∏≥,1
‡∏ã‡∏≠‡∏™‡πÄ‡∏Å‡∏£,1
‡∏ü‡∏±‡∏î‡∏à‡πå,1
‡πÄ‡∏´‡πá‡∏î‡∏´‡∏≠‡∏°‡∏ã‡∏≠‡∏¢,1
‡∏ú‡∏±‡∏Å‡∏ô‡∏∂‡πà‡∏á ,1
Angel,1
‡∏ù‡∏±‡∏Å‡∏ä‡∏µ,1
D,1
‡∏Å‡∏±‡∏ö‡∏Ç‡πâ‡∏≤‡∏ß‡∏Ç‡πâ‡∏≤‡∏ß,1
‡∏Å‡∏£‡∏≠‡∏ö‡∏£‡∏™,1
OTOP,1
‡∏°‡∏∞‡∏û‡∏£‡πâ‡∏≤‡∏ß‡∏ß‡∏Ç‡∏π‡∏î,1
‡∏•‡∏ß‡∏Å‡∏´‡∏±‡πà‡∏ô‡πÄ‡∏ï‡πã‡∏≤,1
‡∏≠‡πâ‡∏≠‡∏¢,1
‡∏´‡∏ô‡πâ‡∏≠‡πÑ‡∏°‡πâ‡∏™‡∏î,1
‡πÅ‡∏õ‡πä‡∏∞‡∏Å‡πä‡∏ß‡∏¢,1
‡∏ï‡πâ‡∏°‡πÄ‡∏õ‡∏∑‡πà‡∏≠‡∏¢,1
 sauce,1
‡∏Å‡∏∏‡∏¢,1
Soy,1
‡∏ó‡∏µ‡∏™‡∏≠,1
‡∏•‡∏≠‡∏¢,1
‡∏Ñ‡∏±‡∏ï‡∏™‡∏∂‡∏î‡πâ‡∏á,1
fibrous,1
‡∏£‡πâ‡∏≥‡∏°‡∏±‡∏ô‡∏°‡∏∞‡∏Å‡∏≠‡∏Å,1
‡∏ß‡∏≤‡∏á,1
‡∏´‡∏°‡∏∏,1
‡∏´‡∏°‡∏±‡∏Å‡πÄ‡∏´‡∏•‡∏∑‡∏≠,1
‡πÇ‡∏Å‡∏Å‡∏¥,1
‡πÄ‡∏Å‡∏≤,1
‡∏´‡∏±‡∏ß‡∏ú‡∏±‡∏Å‡∏Å‡∏≤‡∏î,1
‡πÑ‡∏ö‡∏Ñ‡∏≤‡∏£‡πå‡∏ö‡∏≠‡πÄ‡∏ô‡∏ï,1
‡∏û‡∏£‡∏¥‡∏Å‡πÅ‡∏Å‡∏á‡πÄ‡∏Ç‡∏µ‡∏¢‡∏ß,1
‡πÄ‡∏Å‡∏µ‡∏¢‡∏ö,1
‡∏™‡∏≤‡∏•‡∏µ‡∏ú‡∏™‡∏°,1
‡∏Ñ‡∏≤‡∏£‡∏≤‡πÄ‡∏°‡∏•‡πÑ‡∏ã‡∏£‡∏±‡∏õ,1
‡∏ï‡∏£‡∏≤‡πÄ‡∏≠‡πÇ‡∏£‡πà,1
Optional,1
‡∏ô‡πâ‡∏≥‡∏ö‡∏π‡∏î‡∏π,1
‡πÇ‡∏Ñ‡∏•‡∏µ‡πà‡∏•‡∏ß‡∏Å‡∏™‡∏∏‡∏Å,1
‡∏û‡∏£‡∏¥‡∏Å‡∏Ç‡∏µ‡πâ‡∏´‡∏ô‡∏π‡∏ã‡∏≠‡∏¢‡∏ã‡∏≠‡∏¢,1
‡∏û‡∏£‡∏¥‡∏Å‡∏Å‡∏∞‡πÄ‡∏´‡∏•‡∏µ‡πà‡∏¢‡∏á,1
Umm,1
‡∏ö‡∏±‡∏ï‡πÄ‡∏ï‡∏≠‡∏£‡πå,1
‡∏ö‡πá‡∏≠‡∏Ñ‡∏ä‡∏≠‡∏¢,1
‡∏ú‡∏±‡∏Å‡∏ï‡πâ‡∏°,1
‡∏ñ‡∏±‡πà‡∏á‡∏á‡∏≠‡∏Å‡∏î‡∏¥‡∏ö,1
 ‡∏û‡∏£‡∏¥‡∏Å‡πÑ‡∏ó‡∏¢,1
‡πÄ‡∏û‡πÄ‡∏ô‡πà,1
‡∏û‡∏µ‡∏ä,1
‡∏Ñ‡∏ß‡∏¥‡∏ô‡∏±‡∏ß,1
‡πÅ‡∏°‡πá‡∏Å‡∏ã‡∏¥‡∏Å‡∏±‡∏ô,1
hard,1
‡πÇ‡∏Ñ‡∏ô‡∏Ç‡∏≤‡∏ß,1
‡∏ã‡∏≠‡∏™‡∏´‡∏≠‡∏™‡∏ô‡∏≤‡∏á‡∏£‡∏°,1
‡∏à‡∏£‡∏∞‡πÄ‡∏°‡πá‡∏î,1
dill,1
‡∏ã‡∏∏‡∏Ñ‡∏Ñ‡∏µ,1
‡∏ã‡∏≠‡∏™‡∏°‡∏∞‡πÄ‡∏Ç‡∏∑‡∏≠‡πÄ‡∏ó‡∏®
,1
Food,1
‡πÅ‡∏õ‡πâ‡∏á‡∏™‡∏≤‡πÇ‡∏ó,1
‡∏ã‡∏≠‡∏™‡∏û‡∏¥‡∏ã‡∏ã‡πà‡∏≤‡∏Å‡∏£‡∏∞‡∏õ‡πã‡∏≠‡∏á,1
‡πÇ‡∏û‡∏Å,1
‡∏ú‡∏±‡∏Å‡πÇ‡∏Ç‡∏°‡∏•‡∏ß‡∏Å,1
‡∏ô‡πâ‡∏≥‡∏•‡πâ‡∏≤‡∏á,1
cooked,1
‡∏û‡∏µ‡∏ä‡∏î‡∏≠‡∏¢‡∏Ñ‡∏≥,1
Pita,1
‡∏ß‡πà‡∏≤‡∏ß,1
Regal,1
Capellini n,1
‡∏û‡∏≤‡∏¢,1
‡∏û‡∏£‡∏¥‡∏Å‡πÅ‡∏Å‡∏á‡πÅ‡∏Ñ,1
‡∏ç‡∏µ‡∏õ‡∏∏‡πà‡∏ô,1
‡πÑ‡∏ß‡∏ó‡πå‡∏ä‡πá‡∏≠‡∏Å‡πÇ‡∏Å‡πÅ‡∏•‡∏ï,1
‡∏â‡πà‡∏≤‡∏¢‡∏ã‡∏≠‡∏¢,1
‡∏ô‡∏≠‡∏î,1
‡∏™‡∏ï‡∏£‡∏≠‡πÄ‡∏ö‡∏≠‡∏£‡∏µ‡πà,1
‡∏ä‡∏≤‡πÄ‡∏ô‡∏™‡∏ó‡∏µ,1
‡∏õ‡πá‡∏î,1
‡∏Å‡∏•‡∏¥‡πà‡∏°‡∏°‡∏∞‡∏•‡∏¥,1
‡∏•‡∏π‡∏Å‡∏Å‡∏£‡∏∞‡∏ß‡∏≤‡∏ô,1
‡∏´‡∏≠‡∏ó‡πÅ‡∏î‡∏á,1
‡∏™‡∏≤‡∏£‡∏ó‡∏à‡∏µ‡∏ô,1
‡∏°‡∏∞‡πÄ‡∏Ç‡∏∑‡∏≠‡πÄ‡∏´‡∏•‡∏∑‡∏≠‡∏á,1
lemon,1
‡πÄ‡∏ö‡∏≤,1
‡πÉ‡∏´‡∏ç‡πà‡∏´‡∏±‡πà‡∏ô,1
‡∏ã‡∏≠‡∏™‡πÄ‡∏ô‡∏∑‡πâ,1
‡∏´‡∏°‡∏±‡∏Å‡πÅ‡∏≠‡∏õ‡πÄ‡∏õ‡∏¥‡πâ‡∏•,1
chops,1
‡∏ã‡πâ‡∏≠‡∏™‡∏ñ‡∏±‡πà‡∏ß,1
cantaloupe,1
‡∏™‡πâ‡∏°‡∏ô‡∏≤‡πÄ‡∏ß‡∏•,1
‡πÄ‡∏û‡πá‡∏Å‡∏ï‡∏¥‡∏ô,1
salmon,1
‡∏û‡∏£‡∏¥‡∏Å‡πÅ‡∏î‡∏á‡πÇ‡∏Ç‡∏Å,1
‡πÅ‡∏Å‡∏á‡πÄ‡∏´‡∏•‡∏∑‡∏≠‡∏á,1
‡∏ô‡πâ‡∏≤,1
‡πÅ‡∏Ñ‡∏£‡∏≠‡∏ó‡∏´‡∏±‡πà‡∏ô‡∏ä‡∏¥‡πâ‡∏ô,1
‡πÄ‡∏™‡πâ‡∏ô‡∏à‡∏±‡∏ô‡∏ó‡πå,1
Long,1
EC,1
‡∏ã‡∏µ‡πÄ‡∏£‡∏µ‡∏¢‡∏•‡∏ï‡∏≤‡∏°,1
‡πÅ‡∏Å‡∏á‡∏â‡∏π‡πà‡∏â‡∏µ‡πà,1
‡∏û‡∏£‡∏¥‡∏Å‡∏à‡∏¥‡∏ô‡∏î‡∏≤ ‡πÅ‡∏î‡∏á ‡πÄ‡∏Ç‡∏µ‡∏¢‡∏ß,1
‡πÄ‡∏Ñ‡∏£‡∏∑‡πà‡∏≠‡∏á‡πÅ‡∏Å‡∏•‡πâ‡∏°,1
green cardamom,1
‡∏ï‡πâ‡∏°‡πÑ‡∏£‡∏ã‡πå,1
‡∏´‡∏≠‡∏¢‡πÅ‡∏Ñ‡∏£‡∏á‡πÅ‡∏Å‡∏∞,1
‡∏Å‡∏£‡∏∞‡∏ó‡∏á‡∏ó‡∏≠‡∏á,1
%,1
‡∏ï‡∏≤‡∏ö,1
‡∏´‡∏≠‡∏¢‡πÄ‡∏ä‡∏•‡∏•‡πå‡πÉ‡∏´‡∏ç‡πà,1
‡∏û‡∏£‡∏¥‡∏Å‡∏ù‡∏£‡∏±‡πà‡∏á,1
‡πÅ‡∏´‡∏•‡∏°,1
Powder,1
üç∞,1
‡∏ñ‡∏±‡πà‡∏ß‡∏ó‡∏≠‡∏î,1
‡πÇ‡∏ã‡∏¢‡∏∏,1
‡∏ü‡∏≠‡∏Å,1
‡πÄ‡∏´‡πá‡∏î‡∏´‡∏π‡∏´‡∏ô‡∏π‡∏•‡∏ß‡∏Å,1
‡πÄ‡∏Å‡∏µ‡πà‡∏¢‡∏°‡∏≠‡∏µ‡πã‡∏•‡∏ß‡∏Å,1
‡∏´‡∏•‡∏±‡∏á,1
‡πÄ‡∏Ç‡∏µ‡∏¢‡∏ß‡πÅ‡∏î‡∏á,1
‡∏∂‡∏û‡∏£‡∏¥‡∏Å‡∏Ç‡∏µ‡πâ‡∏´‡∏ô‡∏π,1
‡∏Ñ‡∏ß‡∏≤‡∏¢,1
oak,1
‡πÅ‡∏°‡∏á‡∏Å‡∏∞‡∏û‡∏£‡∏∏‡∏ô,1
‡πÄ‡∏™‡πâ‡∏ô‡∏ï‡∏£‡∏≤,1
‡πÄ‡∏ô‡∏∑‡πâ‡∏≠‡∏™‡πâ‡∏°‡πÇ‡∏≠,1
Chivas,1
‡πÇ‡∏ï‡πä‡∏∞,1
‡∏ï‡πä‡∏≠‡∏Å,1
‡∏°‡∏∞‡∏°‡πà‡∏ß‡∏á‡∏ã‡∏≠‡∏¢,1
‡∏°‡∏∞‡∏õ‡∏µ‡πä‡∏î,1
‡∏Ç‡∏ß‡∏î,1
tata,1
dosa,1
‡∏™‡∏ï‡∏≠‡∏™‡∏î,1
‡∏à‡∏ô‡∏ô‡∏¥‡πà‡∏°,1
‡∏≠‡∏≤‡∏£‡∏¥‡∏Å‡∏≤‡πÇ‡∏ô‡πà,1
‡∏ã‡πà‡∏≤‡∏°‡∏±‡∏°‡∏õ‡∏∏‡∏Å‡∏∏,1
‚Ä¶,1
‡πÅ‡∏≠‡∏°‡πÄ‡∏ß‡∏¢‡πå,1
‡∏ô‡πâ‡∏≥‡πÄ‡∏™‡∏≤‡∏ß‡∏£‡∏™,1
Yuzu,1
‡∏™‡∏î‡πÉ‡∏ä‡πâ,1
Brie,1
‡∏û‡∏£‡∏¥‡∏Å‡∏ô‡∏£‡∏Å,1
‡∏õ‡∏•‡∏≤‡πÇ‡∏≠,1
‡∏ô‡πâ‡∏≥‡∏¢‡πà‡∏≤‡∏ô‡∏≤‡∏á,1
‡πÄ‡∏Å‡∏£‡∏î,1
Spicy,1
‡∏™‡∏±‡∏ö‡∏õ‡∏£‡∏∏‡∏á‡∏£‡∏™,1
‡πÄ‡∏õ‡πá‡πÄ,1
‡πÄ‡∏´‡πá‡∏î‡∏ó‡∏£‡∏±‡∏ü‡πÄ‡∏ü‡∏¥‡∏•,1
‡∏´‡∏±‡∏ô,1
‡πÄ‡∏Å‡∏•‡∏∑‡∏¥‡∏¥‡∏≠‡∏õ‡πà‡∏ô,1
‡∏ú‡∏±‡∏Å‡πÑ‡∏Æ‡πÇ‡∏î‡∏£‡πÇ‡∏õ‡∏ô‡∏¥‡∏Ñ,1
‡πÄ‡∏´‡πá‡∏î‡πÄ‡∏ú‡∏≤‡∏∞‡∏•‡πâ‡∏≤‡∏á,1
‡∏ï‡∏∏‡πä‡∏ö‡∏ï‡∏±‡πä‡∏°,1
‡∏ú‡∏±‡∏Å‡∏ï‡∏±‡πâ‡∏á,1
corn,1
no,1
‡∏´‡∏ô‡πà‡∏≠‡πÑ‡∏°‡πâ‡∏ï‡πâ‡∏°‡∏¢‡πà‡∏≤‡∏ô‡∏≤‡∏á,1
‡∏Å‡∏•‡∏µ‡∏ö‡∏ö‡∏±‡∏ß‡∏´‡∏•‡∏ß‡∏á,1
‡∏õ‡∏∑‡∏ô,1
‡πÅ‡∏û‡∏Ñ,1
‡∏´‡∏ô‡πà‡∏≥,1
‡∏û‡∏£‡∏¥‡∏Å‡∏Ç‡∏µ‡πâ‡∏´‡∏ô‡∏π‡∏™‡∏ß‡∏ô‡∏ï‡∏≥,1
‡∏ã‡πâ‡∏≠‡∏™‡πÄ‡∏´‡πá‡∏î‡∏´‡∏≠‡∏°,1
gan,1
‡∏ô‡∏°‡∏™‡∏î‡πÄ‡∏°‡∏à‡∏¥,1
‡∏≠‡∏µ‡∏ã‡∏µ‡πà‡∏™‡∏Ñ‡∏ß‡∏µ‡∏ã,1
‡∏ã‡∏µ‡∏≠‡∏¥‡πä‡∏ß‡πÄ‡∏Ñ‡πá‡∏°,1
‡∏´‡∏±‡πà‡∏ô‡πÅ‡∏â‡∏•‡∏ö,1
‡∏™‡∏±‡∏ö‡∏ú‡∏≠‡∏¢,1
‡∏Å‡∏£‡∏∞‡∏õ‡∏¥,1
vermicelli,1
‡∏™‡πâ‡∏°‡∏û‡∏£‡∏¥‡∏Å‡∏î‡∏≠‡∏á,1
‡∏ö‡πà‡∏ß‡∏¢,1
üíå,1
‡∏õ‡∏£‡∏∞‡πÄ‡∏ó‡∏®‡∏®‡∏£‡∏µ‡∏£‡∏±‡∏á‡∏Å‡∏≤,1
‡∏ï‡∏∞‡πÑ‡∏Ñ‡∏£‡πâ‡∏ã‡∏≠‡∏¢‡∏ù‡∏≠‡∏¢,1
‡∏ä‡πá‡∏≠‡∏Å‡πÇ‡∏Å‡πÅ‡∏•‡∏ï‡∏ö‡∏≠‡∏•,1
‡πÄ‡∏°‡∏µ‡∏¢,1
‡∏ä‡πá‡∏≠‡∏Å‡πÇ‡∏Å‡πÅ‡∏•‡πá‡∏ï‡∏ä‡∏¥‡∏û,1
‡πÄ‡∏ã‡πÄ‡∏•‡∏≠‡∏£‡∏µ‡πà,1
‡πÇ‡∏õ‡πä‡∏ß,1
‡πÅ‡∏Å‡∏á‡∏Æ‡∏±‡∏á‡πÄ‡∏•,1
‡∏≠‡∏≠‡∏£‡∏¥‡∏Å‡∏≤,1
‡∏ú‡∏áchaat,1
‡∏ä‡∏≤‡∏ï‡∏£‡∏≤‡∏™‡∏≤‡∏°,1
‡πÅ‡∏ï‡∏á‡∏Å‡∏ß‡∏≤‡∏ã‡∏≠‡∏¢,1
sliced,1
‡∏´‡∏•‡∏î‡∏ö‡∏±‡∏ß,1
‡∏ü‡∏π‡∏ã‡∏∑‡∏•‡∏µ,1
‡∏Å‡∏∏‡∏¢‡πÑ‡∏ä‡πà,1
üåº,1
Sausage,1
‡∏´‡∏∏‡∏á‡∏ô‡∏¥‡πà‡∏°,1
‡πÄ‡∏î‡πá‡∏î‡∏´‡∏±‡∏ß‡∏´‡∏≤‡∏á,1
‡πÄ‡∏°‡∏•‡πà‡∏≠‡∏ô,1
‡∏Å‡∏∏‡πâ‡∏á‡∏°‡∏±‡∏á‡∏Å‡∏£,1
‡∏ö‡πâ‡∏≤‡∏ô‡πÑ‡∏£‡πà,1
‡∏õ‡πâ‡∏≤,1
‡πÄ‡∏•‡∏°‡∏≠‡∏ô‡∏™‡πÑ‡∏•‡∏î‡πå,1
gusto,1
‡πÇ‡∏≠‡∏ö‡∏∞,1
bran,1
‡∏´‡∏°‡∏µ‡πà‡πÄ‡∏ï‡∏µ‡πä‡∏¢‡∏ß,1
‡∏ö‡∏•‡πâ‡∏≠‡∏Ñ‡πÇ‡∏Ñ‡∏•‡∏µ‡πà,1
‡∏ã‡∏≠‡∏™‡∏Ç‡πâ‡∏ô,1
‡πÅ‡∏Ñ‡∏£‡∏≠‡∏ó‡∏ã‡∏≠‡∏¢‡πÄ‡∏™‡πâ‡∏ô,1
choy,1
Sea,1
Vada,1
‡πÑ‡∏°‡πâ‡∏î‡∏¥‡∏ö,1
eggplant,1
‡πÅ‡∏Å‡∏∞‡∏•‡πâ‡∏≤‡∏á,1
‡∏™‡∏•‡∏±‡∏î‡πÄ‡∏û‡πÄ‡∏ô‡πà,1
‡πÉ‡∏´‡∏°‡πà,1
‡∏Ñ‡∏•‡∏≤‡∏™‡∏™‡∏¥‡∏Ñ,1
casting,1
‡πÅ‡∏´‡∏ô‡∏°‡∏´‡∏°‡πâ‡∏≠‡∏¢‡∏µ,1
‡∏™‡∏≤‡∏´‡∏£‡πà‡∏≤‡∏¢‡∏≠‡∏ö,1
‡πÄ‡∏õ‡∏µ‡∏¢‡∏Å‡∏ï‡πâ‡∏°,1
‡∏õ‡∏•‡∏≤‡∏™‡∏î,1
‡πÄ‡∏™‡πâ‡∏ô‡∏™‡∏õ‡∏≤‡πÄ‡∏Å‡∏ï‡∏ï‡∏µ,1
Halloween Marshmallows,1
‡∏û‡∏£‡∏¥‡∏Å‡∏Ç‡∏µ‡πâ‡∏´‡∏ô‡∏π‡∏ö‡∏∏,1
‡∏Å‡∏£‡∏∞‡∏ó‡∏≤,1
‡∏°‡∏∞‡∏¢‡∏°‡∏™‡∏î,1
‡πÄ‡∏Æ‡∏•‡∏™‡∏ö‡∏•‡∏π‡∏ö‡∏≠‡∏¢,1
Liver,1
nutmeg,1
‡πÇ‡∏û‡∏™,1
‡πÑ‡∏Å‡πà‡πÄ‡∏Å‡∏≤‡∏´‡∏•‡∏µ,1
 ‡∏°‡∏∞‡∏Å‡∏π‡∏î,1
‡∏ß‡∏µ‡πà‡∏™‡∏π‡∏ï‡∏£,1
‡∏´‡∏°‡∏µ‡πà‡∏ã‡∏±‡∏ß,1
‡∏¢‡∏≤‡∏á,1
‡∏ö‡∏µ‡∏ó‡∏£‡∏π‡∏ó‡∏´‡∏±‡πà‡∏ô,1
‡∏ô‡∏±‡∏ï‡πÇ‡∏ï‡∏∞,1
‡∏£‡∏≤‡∏¢,1
‡∏ï‡∏±‡∏Å,1
‡πÇ‡∏•‡πÇ‡∏ö‡πâ,1
‡πÄ‡∏°‡∏ô‡∏π‡πÄ‡∏ö‡∏≠‡∏£‡πå‡πÄ‡∏Å‡∏≠‡∏£‡πå,1
Corn,1
‡πÇ‡∏Ñ‡∏ä‡∏π‡∏à‡∏±‡∏á,1
‡∏Ñ‡∏ß‡πâ‡∏≤‡∏ô,1
‡∏ñ‡∏±‡πà‡∏ß‡∏û‡∏•‡∏π‡∏´‡∏±‡πà‡∏ô,1
‡∏ñ‡∏±‡πà‡∏ß‡∏™‡∏¥,1
‡∏ß‡∏≤‡∏ã‡∏≤‡∏ö‡∏¥‡∏ú‡∏á,1
‡πÄ‡∏£‡πÄ‡∏°‡∏ô,1
‡πÄ‡∏´‡πá‡∏î‡∏≠‡∏≠‡∏£‡∏¥‡∏ô‡∏à‡∏¥‡∏ã‡∏≠‡∏¢,1
‡∏ä‡∏°‡∏û‡∏π,1
‡∏ï‡∏≤‡πÅ‡∏î‡∏á,1
‡∏û‡∏£‡∏¥‡∏Å‡∏ô‡πâ‡∏≥,1
‡∏Å‡∏∞‡πÄ‡∏´‡∏£‡∏µ‡πà‡∏¢‡∏á,1
‡∏Ç‡∏°‡∏¥‡πâ‡∏ô‡πÉ‡∏ï‡πâ,1
‡∏ô‡∏¥‡πà‡πà‡∏°,1
‡∏û‡∏£‡∏¥‡∏Å‡∏ä‡∏µ‡πâ‡∏ü‡πâ‡∏≤ ‡∏´‡∏±‡πà‡∏ô,1
‡∏Å‡∏∏‡∏ç‡πÄ‡∏ä‡∏µ‡∏¢‡∏á‡∏≠‡∏ö,1
‡πÄ‡∏´‡∏•‡∏µ‡∏¢‡∏á‡∏á‡∏≠‡∏Å,1
‡∏Ç‡πâ‡∏≤‡∏ß‡∏´‡∏°‡∏Å‡πÑ‡∏Å‡πà,1
‡∏≠‡∏¥‡πã‡∏ß‡∏Ç‡∏≤‡∏ß,1
‡πÑ‡∏ä‡πÇ‡∏õ‡πä‡∏ß‡∏´‡∏ß‡∏≤‡∏ô,1
‡∏û‡∏£‡∏¥‡∏Å‡πÅ‡∏Ñ‡∏ä‡πÄ‡∏°‡∏µ‡∏¢‡∏£‡πå,1
‡∏ó‡∏≠‡∏á‡∏´‡∏¢‡∏≠‡∏î,1
‡∏Å‡πã‡∏ß‡∏¢‡∏à‡∏±‡πä‡∏ö‡∏ç‡∏ß‡∏ì,1
‡∏ú‡∏±‡∏Å‡∏à‡∏¥‡∏á‡∏à‡∏π‡πÑ‡∏â‡πà,1
‡πÑ‡∏Ç‡πâ‡πÑ‡∏Å‡πà,1
‡∏Å‡∏µ‡∏ß‡∏µ‡πà‡πÅ‡∏ä‡πà‡∏ü‡∏£‡∏µ‡∏ã,1
MDH,1
‡∏ú‡∏±‡∏Å‡∏ó‡∏≠‡∏î,1
‡πÅ‡∏î‡∏á‡πÄ‡∏Ç‡∏µ‡∏¢‡∏ß,1
‡∏ß‡πà‡∏≤,1
‡∏ó‡πà‡∏≤‡∏ô,1
‡∏ã‡∏µ‡∏≠‡∏≠‡πä‡∏ß‡∏Ç‡∏≤‡∏ß,1
‡πÄ‡∏Å‡∏™‡∏£‡∏î‡∏≠‡∏Å‡πÑ‡∏°‡πâ,1
‡∏•‡∏π‡∏Å‡∏Å‡∏•‡∏°,1
‡∏ß‡∏á,1
Beef,1
‡πÅ‡∏Å‡∏ô,1
‡πÑ‡∏°‡∏Å‡πâ‡∏≤,1
‡∏ï‡∏±‡πâ‡∏á‡∏´‡∏°‡∏¥‡πà‡∏ô,1
‡∏´‡∏≠‡∏¢‡πÅ‡∏°‡∏•‡∏á‡∏†‡∏π‡πà‡∏•‡∏ß‡∏Å,1
‡πÄ‡∏ö‡πÄ‡∏Å‡∏¥‡∏•,1
‡πÄ‡∏â‡∏û‡∏≤‡∏∞,1
‡∏Ñ‡∏≠,1
‡∏õ‡∏•‡∏≤‡∏ó,1
‡∏ú‡πà‡∏≤‡∏Ñ‡∏ß‡∏±‡∏Å,1
‡πÑ‡∏ä‡πÇ‡∏õ‡πä‡∏ß,1
‡∏°‡∏∞‡∏£‡∏∞‡∏´‡∏±‡πà‡∏ô‡∏ä‡∏¥‡πâ‡∏ô,1
‡∏´‡∏±‡∏ß‡πÇ‡∏ï,1
‡∏Å‡πã‡∏ß‡∏¢‡∏à‡∏±‡πä‡∏ö‡∏ç‡∏ß‡∏ô,1
‡πÑ‡∏ï‡πâ‡∏´‡∏ß‡∏±‡∏ô,1
Fillet,1
‡∏ô‡πâ‡∏≥‡∏ï‡πâ‡∏°‡∏Å‡∏∏‡πâ‡∏á,1
‡∏ä‡∏ï,1
‡∏ô‡πà‡∏≥‡∏ï‡∏≤‡∏•,1
‡πÄ‡∏≠‡πá‡∏ô‡∏´‡∏°‡∏π,1
‡πÅ‡∏≠‡∏á‡πÄ‡∏à‡∏¥‡∏•‡πÅ‡∏Æ‡∏£‡πå,1
‡∏ô‡∏°‡∏´‡∏°‡∏µ,1
‡∏´‡∏ô‡πâ‡∏≤‡∏ï‡∏Å‡πÅ‡∏ï‡πà‡∏á,1
‡∏û‡∏≠‡∏•‡∏∞‡πÄ‡∏≠‡∏µ‡∏¢‡∏î,1
‡∏ú‡∏±‡∏Å‡∏´‡∏≤‡∏î‡∏Ç‡∏≤‡∏ß,1
üçÜ,1
P.,1
soda,1
‡πÄ‡∏ã‡∏µ‡πà‡∏¢‡∏á‡∏à‡∏µ‡πâ,1
‡∏ù‡∏±‡∏Å,1
Imperial,1
Spring,1
‚Äç,1
whipping,1
‡∏õ‡∏•‡∏≤‡∏Å‡∏∞,1
‡∏Ç‡πâ‡∏≤‡∏ß‡πÄ‡∏õ‡∏µ‡∏¢‡∏Å,1
‡∏ö‡∏±‡∏ï‡πÄ‡∏ï‡∏≠‡∏£‡πå‡πÄ‡∏Ñ‡πâ‡∏Å,1
‡πÄ‡∏á‡∏µ‡πâ‡∏¢‡∏ß,1
‡∏Å‡∏∏‡πä‡∏¢,1
Whisky,1
‡∏´‡∏ô‡πâ‡∏≠‡πÑ‡∏°‡πâ‡∏ù‡∏£‡∏±‡πà‡∏á,1
‡∏ñ‡∏±‡πà‡∏ß‡∏•‡∏±‡∏ô,1
‡∏Å‡∏∏‡πà‡∏¢‡∏ä‡πà‡∏≤‡∏¢,1
‡πÇ‡∏£‡∏ï‡∏µ,1
‡∏ï‡∏£‡∏≤‡∏™‡∏∏‡∏£‡∏µ‡∏¢‡πå,1
‡πÄ‡πÄ‡∏â‡∏•‡∏ö,1
‡∏û‡∏∏‡∏î‡∏à‡∏µ‡∏ô,1
‡∏´‡∏±‡πà‡∏ô‡∏™‡πÑ‡∏•‡∏î‡πå,1
‡∏û‡∏£‡∏¥‡∏Å‡πÑ‡∏ó‡πÄ‡∏°‡πá‡∏î‡∏Ç‡∏≤‡∏ß,1
Fig,1
‡πÇ‡∏ã‡∏î‡∏≤‡πÄ‡∏ö‡∏£‡∏î‡∏´‡∏±‡πà‡∏ô,1
‡∏ï‡πâ‡∏°‡∏≠‡∏±‡∏ç‡∏ä‡∏±‡∏ô,1
‡∏•‡∏π‡∏Å‡∏´‡∏•‡∏∏‡∏°,1
‡∏ü‡∏π‡∏ã‡∏¥‡∏•‡∏µ,1
‡∏ä‡∏ß‡∏á‡πÄ‡∏à‡∏µ‡∏¢‡∏õ‡πà‡∏ô,1
‡∏Å‡∏∏‡πà‡∏¢,1
Flat,1
‡πÑ‡∏ß‡∏ô‡πå‡πÅ‡∏î‡∏á,1
‡∏ö‡πà‡∏∞,1
Bass,1
‡∏´‡∏¢‡∏ß‡∏Å‡∏´‡∏ç‡πà,1
‡∏¢‡∏≠‡∏á‡πÄ‡∏ó‡∏®,1
‡∏Ñ‡∏∏‡∏Å‡∏Å‡∏µ‡πâ,1
‡∏´‡∏£‡∏≠‡∏ö,1
√©,1
‡∏ã‡∏∏‡∏õ‡∏™‡∏∏‡∏Å‡∏µ‡πâ ,1
premium,1
‡∏ú‡∏±‡∏Å‡∏Å‡∏≤‡∏î‡∏ï‡∏≤‡∏°,1
‡∏ö‡∏±‡∏ï‡πÄ‡∏ï‡∏≠‡∏£‡∏∫‡πå‡πÄ‡∏Ñ‡πâ‡∏Å,1
‡∏Å‡∏£‡∏≠‡∏ö‡∏£‡∏™‡∏î‡∏µ,1
‡∏ï‡πâ‡∏°‡πÑ‡∏ã‡∏™‡πå,1
‡∏ü‡∏π‡∏Å,1
‡∏ä‡∏ô‡∏µ‡∏î‡∏¥‡∏ö,1
‡∏ñ‡∏±‡πà‡∏ß‡πÄ‡∏ô‡πà‡∏≤‡∏¢‡πà‡∏≤‡∏á,1
‡∏≠‡πà‡∏≠‡∏á‡∏õ‡∏π,1
‡∏Ç‡πâ‡∏≤‡∏ß‡∏ã‡∏≠‡∏¢‡∏≠‡∏¥‡∏™‡∏•‡∏≤‡∏°,1
‡∏´‡∏≠‡∏¢‡πÅ‡∏Ñ‡∏£‡∏á‡∏•‡∏ß‡∏Å‡πÅ‡∏Å‡∏∞,1
‡∏Ñ‡∏≤‡∏£‡∏≤‡πÄ‡∏°‡∏•‡∏ã‡∏≠‡∏™,1
‡∏ã‡∏≠‡∏™‡∏´‡∏≠‡∏¢‡∏ô‡∏≤‡∏°‡∏£‡∏°,1
pork,1
‡∏ú‡∏±‡∏î‡∏™‡∏î,1
capellini,1
‡∏Ñ‡∏≤‡∏°‡∏≤‡πÇ‡∏ö‡πÇ‡∏Å‡∏∞,1
Navel,1
‡∏õ‡∏•‡∏≤‡∏Å‡∏£‡∏∞‡∏ö‡∏≠‡∏Å,1
Traditional
,1
‡πÉ‡∏™‡πâ,1
‡∏ä‡∏∞‡∏≠‡∏°‡∏ó‡∏≠‡∏î,1
‡∏•‡∏π‡∏Å‡∏ï‡∏≤‡∏•‡πÄ‡∏â‡∏≤‡∏∞,1
‡∏ñ‡∏±‡πà‡∏ß‡∏Ñ‡∏±‡πà‡∏ß,1
‡∏Ñ‡∏≠‡∏£‡πå‡∏≠‡∏£‡πà‡∏≠‡∏¢,1
‡∏î‡∏¥‡∏ö‡∏Ç‡∏π‡∏î‡∏ù‡∏≠‡∏¢,1
‡∏¢‡∏≠‡∏á‡∏´‡∏ß‡∏≤‡∏ô,1
Whiskey,1
‡∏î‡∏∂‡∏á‡πÄ‡∏™‡πâ‡∏ô‡πÉ‡∏¢,1
‡∏ã‡∏≠‡∏™‡πÄ‡∏°‡πá‡∏Å‡∏ã‡∏¥‡∏Å‡∏±‡∏ô,1
‡πÇ‡∏ö‡∏ô,1
‡∏´‡∏π‡πâ‡∏™‡∏≠‡∏î‡πÑ‡∏™‡πâ,1
‡πÅ‡∏Ñ‡∏ö,1
‡∏™‡∏õ‡∏≤‡πÄ‡∏Å‡∏ï‡∏ï‡∏µ#,1
‡πÇ‡∏Ç‡∏•‡∏Å,1
‡∏ó‡∏≤‡πÉ‡∏ö‡∏ï‡∏≠‡∏á,1
‡∏ó‡∏≠‡∏õ‡∏õ‡∏¥‡πâ‡∏á,1
üë©,1
‡πÑ‡∏Ç‡∏Ç‡∏≤‡∏ß,1
‡πÄ‡∏õ‡∏•‡∏µ‡πà‡∏¢‡∏ô,1
‡∏™‡∏≥‡πÄ‡∏£‡πá‡∏à‡∏£‡∏π‡∏õ‡πÅ‡∏ö‡∏ö,1
‡πÅ‡∏ã‡∏ô‡∏°‡∏≠‡∏ô‡πÅ‡∏•‡πà‡∏ö‡∏≤‡∏á,1
Burger,1
durian,1
‡∏ô‡πâ‡∏≥‡∏ï‡∏≤‡∏ï‡∏õ‡∏∂‡∏Å,1
‡∏ã‡∏ß‡∏á‡πÄ‡∏à‡∏µ‡∏¢,1
‡∏ú‡∏±‡∏Å‡∏Ç‡∏µ,1
‡∏´‡∏π‡∏≠‡πà‡∏≠‡∏ô,1
Ale,1
‡∏´‡∏ô‡∏π‡∏Ç‡∏µ‡πâ,1
Anchor,1
‡πÅ‡∏°‡∏£‡∏µ‡πà,1
‡∏°‡∏∞‡πÄ‡∏Ç‡∏∑‡∏≠‡∏à‡∏≤‡∏ô,1
‡∏´‡∏°‡∏µ‡πà‡∏ã‡∏±‡πà‡∏ß,1
‡∏•‡∏π‡∏Å‡∏û‡∏µ‡∏ä,1
‡∏ß‡∏±‡∏ß‡∏™‡∏∞‡πÇ‡∏û‡∏Å,1
‡πÄ‡∏¢‡∏•‡∏•‡∏µ‡πà,1
‡∏ñ‡∏±‡πà‡∏ß‡∏ù‡∏±‡∏Å,1
‡∏ã‡∏≠‡∏™‡πÄ‡∏Å‡∏≤‡∏´‡∏•‡∏µ,1
DC,1
‡πÇ‡∏´‡∏£‡∏∞‡∏û‡∏≤‡∏™‡∏±‡∏ö,1
‡πÇ‡∏£‡∏á,1
‡∏ã‡∏≠‡∏™‡∏´‡∏≠‡∏¢‡∏ô‡∏≤‡∏á‡∏£‡∏°‡∏ï‡∏£‡∏≤,1
‡πÇ‡∏´‡∏£‡∏†‡∏≤‡∏ã‡∏≠‡∏¢,1
‡∏°‡∏∞‡∏ô‡∏≤‡∏°,1
‡∏à‡∏±‡∏°‡πÇ‡∏ö‡πâ,1
raspberry,1
‡∏ã‡∏≠‡∏™‡∏ó‡∏á‡∏Ñ‡∏±‡∏ó‡∏ã‡∏∂,1
‡∏£‡πá‡∏≠‡∏Ñ‡πÄ‡∏Å‡πá‡∏ï,1
‡∏•‡πà‡∏≤‡πÄ‡∏à‡∏µ‡∏¢‡∏ß,1
‡∏Ñ‡∏£‡∏±‡∏ö,1
‡πÇ‡∏õ‡πä‡∏¢‡∏Å‡∏±‡∏Å,1
‡πÄ‡∏Å‡∏µ‡πâ‡∏¢‡∏ô,1
peel,1
‡∏ï‡∏∏‡πâ‡∏°,1
potatoes,1
‡πÑ‡∏ã‡∏£‡∏±‡∏õ‡∏Å‡∏•‡∏¥‡πà‡∏ô,1
‡∏ã‡∏≠‡∏™‡πÇ‡∏ã‡πÄ‡∏°‡πá‡∏á,1
üêî,1
‡∏ä‡∏∞‡∏≠‡∏°‡∏£‡∏π‡∏î,1
‡∏°‡∏∞‡πÄ‡∏Ç‡∏∑‡∏≠‡πÅ‡∏î‡∏á,1
B,1
‡πÅ‡∏£‡∏õ‡∏´‡πà‡∏≠,1
‡∏î‡∏∑‡πà‡∏°‡∏ï‡∏£‡∏≤,1
‡∏ã‡∏µ‡∏≠‡∏¥‡πä‡∏¢‡∏ß‡∏î‡∏≥,1
‡πÅ‡∏Å‡∏á‡πÄ‡∏ú‡∏∑‡∏≠‡∏Å,1
üéÉ,1
‡∏≠‡∏∏‡∏ì‡∏´‡∏†‡∏π‡∏°‡∏¥,1
‡∏ã‡∏≤‡∏ß‡∏Ñ‡∏£‡∏µ‡∏°,1
‡πÅ‡∏Ñ‡∏õ‡∏´‡∏°‡∏π,1
short,1
‡πÄ‡∏ñ‡πâ‡∏≤,1
‡∏ä‡πá‡∏≠‡∏Å‡πÇ‡∏Å‡πÅ‡∏•‡∏ï‡∏ä‡∏¥‡∏û‡πÄ‡∏Æ‡∏≠‡∏£‡πå‡∏ä‡∏µ‡πà,1
Kit,1
pinch,1
‡πÄ‡∏´‡πá‡∏î‡πÅ‡∏å‡∏°‡∏õ‡∏¥‡∏¢‡∏≠‡∏á,1
Mushroom,1
‡∏ú‡∏á‡∏ï‡πâ‡∏°‡∏¢‡∏≥,1
 Leaves/,1
‡∏ô‡πâ‡∏≠‡∏¢‡∏´‡∏ô‡πà‡∏≤‡∏™‡∏∏‡∏Å,1
Syrup,1
‡πÑ‡∏Ç‡πà‡∏™‡∏Å‡πä‡∏≠‡∏ï‡∏•‡∏≤‡∏ß‡∏≤,1
‡∏ô‡∏≤‡∏á‡∏£‡∏°,1
‡∏´‡∏±‡∏Å,1
Kiwi,1
‡πÑ‡∏™‡πâ‡∏°‡∏∞‡∏û‡∏£‡πâ‡∏≤‡∏ß,1
‡∏ß‡∏±‡∏ß‡∏ö‡∏î,1
‡∏ã‡∏≠‡∏™‡πÅ‡∏°‡πä‡∏Å‡∏Å‡∏µ‡πâ,1
‡πÄ‡∏´‡∏•‡∏≤,1
‡∏´‡∏∏‡πâ‡πÑ‡∏Ç‡πà,1
‡∏ó‡πâ‡∏≤‡∏¢‡∏ô‡∏£‡∏™‡∏¥‡∏á‡∏´‡πå,1
‡∏ï‡∏≤‡∏ö‡∏õ‡∏µ‡πä‡∏ö,1
‡πÑ‡∏™‡πâ‡∏ó‡∏¥‡πâ‡∏á,1
‡∏™‡∏≤‡∏´‡∏£‡πà‡∏≤‡∏¢‡∏ß‡∏≤‡∏Å‡∏≤‡πÄ‡∏´‡∏°‡∏∞,1
‡πÄ‡∏ö‡∏ö‡∏µ‡πâ‡∏ö‡∏£‡πá‡∏≠‡∏Ñ‡πÇ‡∏Ñ‡∏•‡∏µ‡πà,1
‡∏Ñ‡∏∞‡∏ô‡πâ‡∏≤‡∏≠‡πà‡∏≠‡∏ô,1
‡∏û‡∏≠‡∏á,1
‡∏ê‡∏≤‡∏ô,1
Preserves,1
‡∏°‡∏±‡∏ô‡∏ù‡∏£‡∏±‡πà‡∏á‡∏™‡∏î,1
‡∏ã‡πà‡∏≤,1
Pine,1
‡∏´‡∏ô‡πâ‡∏≠‡πÑ‡∏°‡πâ‡∏ù‡∏≠‡∏¢,1
‡∏ö‡∏•‡πá‡∏≠‡∏Ñ‡πÇ‡∏Ñ‡∏•‡∏µ‡πà‡∏•‡∏ß‡∏Å,1
‡∏û‡∏£‡∏¥‡∏Å‡∏ä‡∏µ‡πâ‡∏ü‡πâ‡∏≤‡∏ã‡∏≠‡∏¢,1
‡∏ï‡∏∂‡∏á,1
‡∏°‡πâ‡∏≤‡∏°‡∏´‡∏°‡∏π,1
‡∏ú‡∏±‡∏Å‡∏õ‡∏ß‡∏¢,1
‡∏Å‡∏£‡∏µ‡∏ô,1
‡∏™‡∏≤‡∏¢‡∏ö‡∏∏‡∏£‡∏µ,1
‡πÄ‡∏ô‡∏∑‡πâ‡∏≠‡πÅ‡∏ï‡∏á‡πÇ‡∏°,1
‡∏û‡∏£‡∏¥‡∏Å‡∏Ç‡∏µ‡πâ‡∏ü‡πâ‡∏≤,1
‡∏ù‡∏≤,1
M&,1
‡∏≠‡∏ö‡πÅ‡∏´‡πâ‡∏á,1
‡∏≠‡πà‡∏≠‡∏ô‡∏ã‡∏≠‡∏¢,1
‡πÅ‡∏ö‡πà‡∏á‡∏ó‡∏≠‡∏î,1
‡∏Ç‡∏ô‡∏´‡∏ß‡∏≤‡∏ô,1
‡∏™‡∏±‡∏ô‡∏Ñ‡∏≠‡∏Å‡πâ‡∏≠‡∏ô,1
‡∏´‡∏≠‡∏¢‡πÅ‡∏°‡∏•‡∏á‡∏†‡∏π‡πà‡πÅ‡∏Å‡∏∞,1
‡∏ö‡∏î‡∏ß‡∏¥‡∏•‡πÄ‡∏•‡∏µ‡πà‡∏¢‡∏°,1
‡∏ã‡∏≠‡∏™‡∏õ‡∏•‡∏≤,1
‡∏Å‡∏≤‡πÇ‡∏ô‡∏£‡πà‡∏≤‡∏£‡∏™‡∏≠‡∏≠‡∏£‡∏¥‡∏à‡∏¥‡∏ô‡∏±‡∏•,1
‡∏°‡∏±‡∏Å‡∏Å‡∏∞‡πÇ‡∏£‡∏ô‡∏µ‡∏ï‡πâ‡∏°‡∏™‡∏∏‡∏Å,1
‡∏Ñ‡∏π‡πà,1
‡πÄ‡∏ô‡∏∑‡πâ‡∏≠‡∏ô‡πà‡∏≠‡∏á,1
‡∏™‡∏≤‡∏°‡∏™‡∏µ,1
‡∏õ‡∏•‡∏≤‡∏Ç‡∏π‡∏î,1
‡∏Ñ‡∏∞‡∏ô‡∏≠‡∏£‡πå‡πÑ‡∏Å‡πà,1
‡πÄ‡∏ã‡∏µ‡πà‡∏¢‡∏á‡∏à‡∏µ‡πä,1
 ‡∏ó‡∏≠‡πÄ‡∏ó‡∏•‡∏•‡∏¥‡∏ô‡∏µ‡πà,1
‡∏ã‡∏≠‡∏™‡πÄ‡∏ã‡∏µ‡πà‡∏¢‡∏á‡πÑ‡∏Æ‡πâ,1
N,1
Scotch,1
‡∏Å‡πâ‡∏≤‡∏ô‡πÑ‡∏ä‡πÄ‡∏ó‡πâ‡∏≤,1
‡∏ã‡∏≠‡∏™‡∏´‡∏≠‡∏á,1
‡∏™‡πÄ‡∏õ‡∏£‡∏î,1
‡∏™‡∏∞‡∏ï‡∏≠‡∏î‡∏¥‡∏ö‡∏ã‡∏≠‡∏¢,1
‡∏ã‡∏µ‡∏≠‡∏µ‡πä‡∏ß,1
Corned,1
‡∏õ‡∏•‡∏≤‡∏™‡∏≥‡∏•‡∏µ,1
‡πÅ‡∏≠‡∏õ‡∏õ‡∏£‡∏¥‡∏Ñ‡∏≠‡∏ó,1
Hsing,1
EV,1
polenta,1
spam,1
‡∏ô‡πâ‡∏≥‡∏à‡∏∑‡∏î,1
curry,1
‡∏Å‡∏∏‡πâ‡∏á‡∏ä‡∏∏‡∏õ‡πÅ‡∏õ‡πâ‡∏á,1
‡∏™‡πÑ‡∏õ,1
‡∏ã‡∏µ‡πà‡∏≠‡∏¥‡πã‡∏ß,1
‡πÅ‡∏Ñ‡∏£‡∏≠‡∏ó‡∏´‡∏±‡πà‡∏ô‡∏ù‡∏≠‡∏¢,1
üçé,1
‡∏ã‡∏∑‡πâ‡∏≠,1
‡∏Ç‡πà‡∏≤ ,1
‡∏™‡∏≤‡∏´‡∏£‡πà‡∏≤‡∏¢‡πÇ‡∏£‡∏¢,1
‡∏°‡∏∞‡∏Å‡∏£‡∏π‡∏î‡∏≠‡πà‡∏≠‡∏ô,1
‡∏£‡∏≤‡πÄ‡∏°‡πá‡∏á,1
‡πÇ‡∏ô,1
‡∏ô‡πâ‡∏≥‡πÇ‡∏Ñ‡πâ‡∏Å,1
‡∏û‡∏£‡∏¥‡∏Å‡πÑ‡∏õ,1
‡πÄ‡∏™‡∏∑‡πà‡∏≠,1
rib,1
‡∏õ‡∏•‡∏≤‡πÄ‡∏ä‡∏µ‡∏¢‡∏á,1
‡∏´‡∏°‡∏µ‡πà‡πÄ‡∏ö‡∏ï‡∏á,1
‡∏Ç‡∏ô‡∏°‡∏Ç‡πâ‡∏≤‡∏ß‡πÅ‡∏ï‡πã‡∏ô,1
‡∏ú‡∏±‡∏Å‡πÄ‡∏´‡∏°‡∏µ‡∏¢‡∏á,1
‡∏Ñ‡∏∞‡∏ô‡πâ‡∏≤‡∏õ‡∏≠‡∏Å,1
!,1
‡πÇ‡∏≠‡∏ß‡∏≤‡πÄ‡∏•‡∏ó,1
‡∏û‡∏∏‡∏ó‡∏£‡∏≤,1
‡∏≠‡∏Å‡πÑ‡∏Å‡πà‡πÄ‡∏•‡∏≤‡∏∞,1
‡∏ô‡πâ‡∏≥‡∏û‡∏£‡∏¥‡∏Å‡∏•‡∏≤‡∏ö,1
‡∏ô‡πâ‡∏≥‡∏•‡∏≠‡∏¢‡∏°‡∏∞‡∏•‡∏¥,1
‡πÄ‡∏°‡∏•‡πá‡∏î‡πÄ‡∏ã‡∏µ‡∏¢,1
Baileys,1
‡∏û‡∏£‡∏¥‡∏Å‡πÅ‡∏Å‡∏á‡πÄ‡∏ú‡πá‡∏î,1
‡∏û‡∏£‡∏¥‡∏Å‡πÑ‡∏ó‡∏õ‡πà‡∏ô‡∏ï‡∏£‡∏≤,1
‡∏õ‡∏•‡∏≤‡∏™‡∏£‡πâ‡∏≠‡∏¢,1
‡∏ö‡∏µ‡∏ö,1
‡∏ï‡∏£‡∏≤‡πÅ‡∏°‡πà‡πÅ‡∏à‡∏á,1
‡∏ñ‡πâ‡∏ß‡∏¢‡∏Ñ‡∏±‡∏û‡πÄ‡∏Ñ‡πâ‡∏Å,1
‡πÄ‡∏Å‡πá‡∏Å,1
‡∏ú‡∏±‡∏î‡∏Å‡∏≤‡∏î‡∏î‡∏≠‡∏á,1
‡∏£‡∏≤‡∏á‡∏à‡∏∑‡∏î,1
